Date,Cash Buyer,Cash Seller & Settlement,3-months Buyer,3-months Seller,15-months Buyer,15-months Seller
2018-04-09,24000.0,26000.0,24000.0,26000.0,24985.0,25985.0
2018-04-06,24000.0,26000.0,24000.0,26000.0,24985.0,25985.0
2018-04-05,24000.0,26000.0,24000.0,26000.0,24990.0,25990.0
2018-04-04,24000.0,26000.0,24000.0,26000.0,24990.0,25990.0
2018-04-03,24000.0,26000.0,24000.0,26000.0,24990.0,25990.0
2018-03-29,24000.0,26000.0,24000.0,26000.0,24960.0,25960.0
2018-03-28,24000.0,26000.0,24000.0,26000.0,24965.0,25965.0
2018-03-27,23500.0,25500.0,23500.0,25500.0,24465.0,25465.0
2018-03-26,23000.0,25000.0,23000.0,25000.0,23965.0,24965.0
2018-03-23,22500.0,24500.0,22500.0,24500.0,23470.0,24470.0
2018-03-22,22000.0,24000.0,22000.0,24000.0,22970.0,23970.0
2018-03-21,21500.0,23500.0,21500.0,23500.0,22475.0,23475.0
2018-03-20,21000.0,23000.0,21000.0,23000.0,21975.0,22975.0
2018-03-19,20500.0,22500.0,20500.0,22500.0,21475.0,22475.0
2018-03-16,20000.0,22000.0,20000.0,22000.0,20980.0,21980.0
2018-03-15,19500.0,21500.0,19500.0,21500.0,20480.0,21480.0
2018-03-14,19000.0,21000.0,19000.0,21000.0,19985.0,20985.0
2018-03-13,18500.0,20500.0,18500.0,20500.0,19485.0,20485.0
2018-03-12,18000.0,18500.0,18000.0,18500.0,18235.0,19235.0
2018-03-09,17500.0,19500.0,17500.0,19500.0,18490.0,19490.0
2018-03-08,17000.0,19000.0,17000.0,19000.0,17990.0,18990.0
2018-03-07,16500.0,18500.0,16500.0,18500.0,17500.0,18500.0
2018-03-06,16000.0,18000.0,16000.0,18000.0,17000.0,18000.0
2018-03-05,15500.0,16000.0,15500.0,16000.0,15745.0,16745.0
2018-03-02,15500.0,16000.0,15500.0,16000.0,15750.0,16750.0
2018-03-01,15500.0,16000.0,15500.0,16000.0,15750.0,16750.0
2018-02-28,15500.0,16000.0,15500.0,16000.0,15720.0,16720.0
2018-02-27,15500.0,16000.0,15500.0,16000.0,15720.0,16720.0
2018-02-26,15500.0,16000.0,15500.0,16000.0,15725.0,16725.0
2018-02-23,15500.0,16000.0,15500.0,16000.0,15725.0,16725.0
2018-02-22,15500.0,16000.0,15500.0,16000.0,15725.0,16725.0
2018-02-21,15500.0,16000.0,15500.0,16000.0,15725.0,16725.0
2018-02-20,15500.0,16000.0,15500.0,16000.0,15725.0,16725.0
2018-02-19,15500.0,16000.0,15500.0,16000.0,15730.0,16730.0
2018-02-16,15500.0,16000.0,15500.0,16000.0,15730.0,16730.0
2018-02-15,15500.0,16000.0,15500.0,16000.0,15730.0,16730.0
2018-02-14,15500.0,16000.0,15500.0,16000.0,15735.0,16735.0
2018-02-13,15500.0,16000.0,15500.0,16000.0,15735.0,16735.0
2018-02-12,15500.0,16000.0,15500.0,16000.0,15740.0,16740.0
2018-02-09,15500.0,16000.0,15500.0,16000.0,15740.0,16740.0
2018-02-08,15500.0,16000.0,15500.0,16000.0,15740.0,16740.0
2018-02-07,15500.0,16000.0,15500.0,16000.0,15740.0,16740.0
2018-02-06,15500.0,16000.0,15500.0,16000.0,15740.0,16740.0
2018-02-05,15500.0,16000.0,15500.0,16000.0,15750.0,16750.0
2018-02-02,15500.0,16000.0,15500.0,16000.0,15750.0,16750.0
2018-02-01,15500.0,16000.0,15500.0,16000.0,15750.0,16750.0
2018-01-31,15500.0,16000.0,15500.0,16000.0,15715.0,16715.0
2018-01-30,15500.0,16000.0,15500.0,16000.0,15715.0,16715.0
2018-01-29,15500.0,16000.0,15500.0,16000.0,15715.0,16715.0
2018-01-26,15500.0,16000.0,15500.0,16000.0,15720.0,16720.0
2018-01-25,15500.0,16000.0,15500.0,16000.0,15720.0,16720.0
2018-01-24,15500.0,16000.0,15500.0,16000.0,15720.0,16720.0
2018-01-23,15500.0,16000.0,15500.0,16000.0,15725.0,16725.0
2018-01-22,15500.0,16000.0,15500.0,16000.0,15725.0,16725.0
2018-01-19,15500.0,16000.0,15500.0,16000.0,15730.0,16730.0
2018-01-18,15500.0,16000.0,15500.0,16000.0,15730.0,16730.0
2018-01-17,15500.0,16000.0,15500.0,16000.0,15730.0,16730.0
2018-01-16,15500.0,16000.0,15500.0,16000.0,15730.0,16730.0
2018-01-15,15500.0,16000.0,15500.0,16000.0,15735.0,16735.0
2018-01-12,15500.0,16000.0,15500.0,16000.0,15740.0,16740.0
2018-01-11,15500.0,16000.0,15500.0,16000.0,15740.0,16740.0
2018-01-10,15500.0,16000.0,15500.0,16000.0,15740.0,16740.0
2018-01-09,15500.0,16000.0,15500.0,16000.0,15745.0,16745.0
2018-01-08,15500.0,16000.0,15500.0,16000.0,15745.0,16745.0
2018-01-05,15500.0,16000.0,15500.0,16000.0,15750.0,16750.0
2018-01-04,15500.0,16000.0,15500.0,16000.0,15750.0,16750.0
2018-01-03,15500.0,16000.0,15500.0,16000.0,15750.0,16750.0
2018-01-02,15500.0,16000.0,15500.0,16000.0,15750.0,16750.0
2017-12-29,15500.0,16000.0,15500.0,16000.0,15720.0,16720.0
2017-12-28,15500.0,16000.0,15500.0,16000.0,15720.0,16720.0
2017-12-27,15500.0,16000.0,15500.0,16000.0,15720.0,16720.0
2017-12-22,15500.0,16000.0,15500.0,16000.0,15730.0,16730.0
2017-12-21,15500.0,16000.0,15500.0,16000.0,15730.0,16730.0
2017-12-20,15500.0,16000.0,15500.0,16000.0,15730.0,16730.0
2017-12-19,15500.0,16000.0,15500.0,16000.0,15735.0,16735.0
2017-12-18,15500.0,16000.0,15500.0,16000.0,15735.0,16735.0
2017-12-15,15500.0,16000.0,15500.0,16000.0,15740.0,16740.0
2017-12-14,15500.0,16000.0,15500.0,16000.0,15740.0,16740.0
2017-12-13,15500.0,16000.0,15500.0,16500.0,15990.0,16990.0
2017-12-12,15500.0,16000.0,15500.0,16000.0,15745.0,16745.0
2017-12-08,15500.0,16000.0,15500.0,16000.0,15750.0,16750.0
2017-12-07,15500.0,16000.0,15500.0,16000.0,15750.0,16750.0
2017-12-06,15500.0,16000.0,15500.0,16000.0,15750.0,16750.0
2017-12-05,15500.0,16000.0,15500.0,16000.0,15755.0,16755.0
2017-12-04,15500.0,16000.0,15500.0,16000.0,15755.0,16755.0
2017-12-01,15500.0,16000.0,15500.0,16000.0,15760.0,16760.0
2017-11-30,15500.0,16000.0,15500.0,16000.0,15720.0,16720.0
2017-11-29,15500.0,16000.0,15500.0,16000.0,15720.0,16720.0
2017-11-28,15500.0,16000.0,15500.0,16000.0,15720.0,16720.0
2017-11-27,15500.0,16000.0,15500.0,16000.0,15725.0,16725.0
2017-11-24,15500.0,16000.0,15500.0,16000.0,15730.0,16730.0
2017-11-23,15500.0,16000.0,15500.0,16000.0,15730.0,16730.0
2017-11-22,15500.0,16000.0,15500.0,16000.0,15730.0,16730.0
2017-11-21,15500.0,16000.0,15500.0,16000.0,15730.0,16730.0
2017-11-20,15500.0,16000.0,15500.0,16000.0,15730.0,16730.0
2017-11-17,15500.0,16000.0,15500.0,16000.0,15735.0,16735.0
2017-11-16,15500.0,16000.0,15500.0,16000.0,15735.0,16735.0
2017-11-15,15500.0,16000.0,15500.0,16000.0,15735.0,16735.0
2017-11-14,15500.0,16000.0,15500.0,16000.0,15740.0,16740.0
2017-11-13,15500.0,16000.0,15500.0,16000.0,15740.0,16740.0
2017-11-10,15500.0,16000.0,15500.0,16000.0,15745.0,16745.0
2017-11-09,15500.0,16000.0,15500.0,16000.0,15745.0,16745.0
2017-11-08,15500.0,16000.0,15500.0,16000.0,15745.0,16745.0
2017-11-07,15500.0,16000.0,15500.0,16000.0,15745.0,16745.0
2017-11-06,15500.0,16000.0,15500.0,16000.0,15745.0,16745.0
2017-11-03,15500.0,16000.0,15500.0,16000.0,15750.0,16750.0
2017-11-02,15500.0,16000.0,15500.0,16000.0,15750.0,16750.0
2017-11-01,15500.0,16000.0,15500.0,16000.0,15750.0,16750.0
2017-10-31,15500.0,16000.0,15500.0,16000.0,15715.0,16715.0
2017-10-30,15500.0,16000.0,15500.0,16000.0,15715.0,16715.0
2017-10-27,15500.0,16000.0,15500.0,16000.0,15720.0,16720.0
2017-10-26,15500.0,16000.0,15500.0,16000.0,15720.0,16720.0
2017-10-25,15500.0,16000.0,15500.0,16000.0,15720.0,16720.0
2017-10-24,15500.0,16000.0,15500.0,16000.0,15725.0,16725.0
2017-10-23,15500.0,16000.0,15500.0,16000.0,15725.0,16725.0
2017-10-20,15500.0,16000.0,15500.0,16000.0,15730.0,16730.0
2017-10-19,15500.0,16000.0,15500.0,16000.0,15730.0,16730.0
2017-10-18,15500.0,16000.0,15500.0,16000.0,15730.0,16730.0
2017-10-17,15500.0,16000.0,15500.0,16000.0,15730.0,16730.0
2017-10-16,15500.0,16000.0,15500.0,16000.0,15730.0,16730.0
2017-10-13,15500.0,16000.0,15500.0,16000.0,15740.0,16740.0
2017-10-12,15500.0,16000.0,15500.0,16000.0,15740.0,16740.0
2017-10-11,15500.0,16000.0,15500.0,16000.0,15740.0,16740.0
2017-10-10,15500.0,16000.0,15500.0,16000.0,15740.0,16740.0
2017-10-09,15500.0,16000.0,15500.0,16000.0,15740.0,16740.0
2017-10-06,15500.0,16000.0,15500.0,16000.0,15750.0,16750.0
2017-10-05,15500.0,16000.0,15500.0,16000.0,15750.0,16750.0
2017-10-04,15500.0,16000.0,15500.0,16000.0,15750.0,16750.0
2017-10-03,15500.0,16000.0,15500.0,16000.0,15750.0,16750.0
2017-10-02,15500.0,16000.0,15500.0,16000.0,15750.0,16750.0
2017-09-29,15500.0,16000.0,15500.0,16000.0,15720.0,16720.0
2017-09-28,15500.0,16000.0,15500.0,16000.0,15720.0,16720.0
2017-09-27,15500.0,16000.0,15500.0,16000.0,15720.0,16720.0
2017-09-26,15500.0,16000.0,15500.0,16000.0,15720.0,16720.0
2017-09-25,15500.0,16000.0,15500.0,16000.0,15720.0,16720.0
2017-09-22,15500.0,16000.0,15500.0,16000.0,15725.0,16725.0
2017-09-21,15500.0,16000.0,15500.0,16000.0,15730.0,16730.0
2017-09-20,15500.0,16000.0,15500.0,16000.0,15730.0,16730.0
2017-09-19,15500.0,16000.0,15500.0,16000.0,15730.0,16730.0
2017-09-18,15500.0,16000.0,15500.0,16000.0,15735.0,16735.0
2017-09-15,15500.0,16000.0,15500.0,16000.0,15740.0,16740.0
2017-09-14,15500.0,16000.0,15500.0,16000.0,15740.0,16740.0
2017-09-13,15500.0,16000.0,15500.0,16000.0,15740.0,16740.0
2017-09-12,15500.0,16000.0,15500.0,16000.0,15740.0,16740.0
2017-09-11,15500.0,16000.0,15500.0,16000.0,15740.0,16740.0
2017-09-08,15500.0,16000.0,15500.0,16000.0,15745.0,16745.0
2017-09-07,15500.0,16000.0,15500.0,16000.0,15745.0,16745.0
2017-09-06,15500.0,16000.0,15500.0,16000.0,15745.0,16745.0
2017-09-05,15500.0,16000.0,15500.0,16000.0,15750.0,16750.0
2017-09-04,15500.0,16000.0,15500.0,16000.0,15750.0,16750.0
2017-09-01,15500.0,16000.0,15500.0,16000.0,15750.0,16750.0
2017-08-31,15500.0,16000.0,15500.0,16000.0,15715.0,16715.0
2017-08-30,15500.0,16000.0,15500.0,16000.0,15715.0,16715.0
2017-08-29,15500.0,16000.0,15500.0,16000.0,15715.0,16715.0
2017-08-25,15500.0,16000.0,15500.0,16000.0,15720.0,16720.0
2017-08-24,15500.0,16000.0,15500.0,16000.0,15720.0,16720.0
2017-08-23,15500.0,16000.0,15500.0,16000.0,15720.0,16720.0
2017-08-22,15500.0,16000.0,15500.0,16000.0,15720.0,16720.0
2017-08-21,15500.0,16000.0,15500.0,16000.0,15725.0,16725.0
2017-08-18,15500.0,16000.0,15500.0,16000.0,15730.0,16730.0
2017-08-17,15500.0,16000.0,15500.0,16000.0,15730.0,16730.0
2017-08-16,15500.0,16000.0,15500.0,16000.0,15730.0,16730.0
2017-08-15,15500.0,16000.0,15500.0,16000.0,15730.0,16730.0
2017-08-14,15500.0,16000.0,15500.0,16000.0,15730.0,16730.0
2017-08-11,15500.0,16000.0,15500.0,16000.0,15735.0,16735.0
2017-08-10,15500.0,16000.0,15500.0,16000.0,15735.0,16735.0
2017-08-09,15500.0,16000.0,15500.0,16000.0,15740.0,16740.0
2017-08-08,15500.0,16000.0,15500.0,16000.0,15740.0,16740.0
2017-08-07,15500.0,16000.0,15500.0,16000.0,15740.0,16740.0
2017-08-04,15500.0,16000.0,15500.0,16000.0,15750.0,16750.0
2017-08-03,15500.0,16000.0,15500.0,16000.0,15750.0,16750.0
2017-08-02,15500.0,16000.0,15500.0,16000.0,15750.0,16750.0
2017-08-01,15500.0,16000.0,15500.0,16000.0,15750.0,16750.0
2017-07-31,15500.0,16000.0,15500.0,16000.0,15715.0,16715.0
2017-07-28,15500.0,16000.0,15500.0,16000.0,15720.0,16720.0
2017-07-27,15500.0,16000.0,15500.0,16000.0,15720.0,16720.0
2017-07-26,15500.0,16000.0,15500.0,16000.0,15720.0,16720.0
2017-07-25,15500.0,16000.0,15500.0,16000.0,15720.0,16720.0
2017-07-24,15500.0,16000.0,15500.0,16000.0,15720.0,16720.0
2017-07-21,15500.0,16000.0,15500.0,16000.0,15730.0,16730.0
2017-07-20,15500.0,16000.0,15500.0,16000.0,15730.0,16730.0
2017-07-19,15500.0,16000.0,15500.0,16000.0,15730.0,16730.0
2017-07-18,15500.0,16000.0,15500.0,16000.0,15730.0,16730.0
2017-07-17,15500.0,16000.0,15500.0,16000.0,15730.0,16730.0
2017-07-14,15500.0,16000.0,15500.0,16000.0,15735.0,16735.0
2017-07-13,15500.0,16000.0,15500.0,16000.0,15735.0,16735.0
2017-07-12,15500.0,16000.0,15500.0,16000.0,15740.0,16740.0
2017-07-11,15500.0,16000.0,15500.0,16000.0,15740.0,16740.0
2017-07-10,15500.0,16000.0,15500.0,16000.0,15740.0,16740.0
2017-07-07,15500.0,16000.0,15500.0,16000.0,15750.0,16750.0
2017-07-06,15500.0,16000.0,15500.0,16000.0,15750.0,16750.0
2017-07-05,15500.0,16000.0,15500.0,16000.0,15750.0,16750.0
2017-07-04,15500.0,16000.0,15500.0,16000.0,15750.0,16750.0
2017-07-03,15500.0,16000.0,15500.0,16000.0,15750.0,16750.0
2017-06-30,15500.0,16000.0,15500.0,16000.0,15720.0,16720.0
2017-06-29,15500.0,16000.0,15500.0,16000.0,15720.0,16720.0
2017-06-28,15500.0,16000.0,15500.0,16000.0,15720.0,16720.0
2017-06-27,15500.0,16000.0,15500.0,16000.0,15720.0,16720.0
2017-06-26,15500.0,16000.0,15500.0,16000.0,15720.0,16720.0
2017-06-23,15500.0,16000.0,15500.0,16000.0,15730.0,16730.0
2017-06-22,15500.0,16000.0,15500.0,16000.0,15730.0,16730.0
2017-06-21,15500.0,16000.0,15500.0,16000.0,15730.0,16730.0
2017-06-20,15500.0,16000.0,15500.0,16000.0,15730.0,16730.0
2017-06-19,17000.0,17500.0,17000.0,17500.0,17230.0,18230.0
2017-06-16,17000.0,17500.0,17000.0,17500.0,17235.0,18235.0
2017-06-15,17000.0,17500.0,17000.0,17500.0,17235.0,18235.0
2017-06-14,17000.0,17500.0,17000.0,17500.0,17240.0,18240.0
2017-06-13,17000.0,17500.0,17000.0,17500.0,17240.0,18240.0
2017-06-12,17000.0,17500.0,17000.0,17500.0,17240.0,18240.0
2017-06-09,17000.0,17500.0,17000.0,17500.0,17245.0,18245.0
2017-06-08,17000.0,17500.0,17000.0,17500.0,17245.0,18245.0
2017-06-07,17000.0,17500.0,17000.0,17500.0,17245.0,18245.0
2017-06-06,17000.0,17500.0,17000.0,17500.0,17245.0,18245.0
2017-06-05,17000.0,17500.0,17000.0,17500.0,17245.0,18245.0
2017-06-02,17000.0,17500.0,17000.0,17500.0,17250.0,18250.0
2017-06-01,17000.0,17500.0,17000.0,17500.0,17250.0,18250.0
2017-05-31,17000.0,17500.0,17000.0,17500.0,17215.0,18215.0
2017-05-30,17000.0,17500.0,17000.0,17500.0,17215.0,18215.0
2017-05-26,17000.0,17500.0,17000.0,17500.0,17220.0,18220.0
2017-05-25,17000.0,17500.0,17000.0,17500.0,17220.0,18220.0
2017-05-24,17000.0,17500.0,17000.0,17500.0,17220.0,18220.0
2017-05-23,17000.0,17500.0,17000.0,17500.0,17220.0,18220.0
2017-05-22,17000.0,17500.0,17000.0,17500.0,17225.0,18225.0
2017-05-19,17000.0,17500.0,17000.0,17500.0,17230.0,18230.0
2017-05-18,17000.0,17500.0,17000.0,17500.0,17230.0,18230.0
2017-05-17,17000.0,17500.0,17000.0,17500.0,17230.0,18230.0
2017-05-16,17000.0,17500.0,17000.0,17500.0,17230.0,18230.0
2017-05-15,17000.0,17500.0,17000.0,17500.0,17230.0,18230.0
2017-05-12,17000.0,17500.0,17000.0,17500.0,17240.0,18240.0
2017-05-11,17000.0,17500.0,17000.0,17500.0,17240.0,18240.0
2017-05-10,16500.0,17000.0,15250.0,16250.0,15740.0,16740.0
2017-05-09,15000.0,15500.0,15000.0,15500.0,15240.0,16240.0
2017-05-08,14750.0,15250.0,14750.0,15250.0,14990.0,15990.0
2017-05-05,14750.0,15250.0,14750.0,15250.0,15000.0,16000.0
2017-05-04,14750.0,15250.0,14750.0,15250.0,15000.0,16000.0
2017-05-03,14750.0,15250.0,14750.0,15250.0,15000.0,16000.0
2017-05-02,14750.0,15250.0,14750.0,15250.0,15000.0,16000.0
2017-04-28,14750.0,15250.0,14750.0,15250.0,14965.0,15965.0
2017-04-27,14750.0,15250.0,14750.0,15250.0,14970.0,15970.0
2017-04-26,14750.0,15250.0,14750.0,15250.0,14970.0,15970.0
2017-04-25,14750.0,15250.0,14750.0,15250.0,14970.0,15970.0
2017-04-24,14750.0,15250.0,14750.0,15250.0,14975.0,15975.0
2017-04-21,14750.0,15250.0,14750.0,15250.0,14980.0,15980.0
2017-04-20,14750.0,15250.0,14750.0,15250.0,14980.0,15980.0
2017-04-19,14750.0,15250.0,14750.0,15250.0,14980.0,15980.0
2017-04-18,14750.0,15250.0,14750.0,15250.0,14980.0,15980.0
2017-04-13,14750.0,15250.0,14750.0,15250.0,14990.0,15990.0
2017-04-12,14750.0,15250.0,14750.0,15250.0,14990.0,15990.0
2017-04-11,14750.0,15250.0,14750.0,15250.0,14990.0,15990.0
2017-04-10,14750.0,15250.0,14750.0,15250.0,14995.0,15995.0
2017-04-07,14750.0,15250.0,14750.0,15250.0,15000.0,16000.0
2017-04-06,14750.0,15250.0,14750.0,15250.0,15000.0,16000.0
2017-04-05,14750.0,15250.0,14750.0,15250.0,15000.0,16000.0
2017-04-04,14750.0,15250.0,14750.0,15250.0,15000.0,16000.0
2017-04-03,14750.0,15250.0,14750.0,15250.0,15005.0,16005.0
2017-03-31,14750.0,15250.0,14750.0,15250.0,14965.0,15965.0
2017-03-30,14750.0,15250.0,14750.0,15250.0,14970.0,15970.0
2017-03-29,14750.0,15250.0,14750.0,15250.0,14970.0,15970.0
2017-03-28,14750.0,15250.0,14750.0,15250.0,14970.0,15970.0
2017-03-27,14750.0,15250.0,14750.0,15250.0,14970.0,15970.0
2017-03-24,14750.0,15250.0,14750.0,15250.0,14975.0,15975.0
2017-03-23,14750.0,15250.0,14750.0,15250.0,14980.0,15980.0
2017-03-22,14750.0,15250.0,14750.0,15250.0,14980.0,15980.0
2017-03-21,14750.0,15250.0,14750.0,15250.0,14980.0,15980.0
2017-03-20,14750.0,15250.0,14750.0,15250.0,14980.0,15980.0
2017-03-17,14750.0,15250.0,14750.0,15250.0,14985.0,15985.0
2017-03-16,14750.0,15250.0,14750.0,15250.0,14985.0,15985.0
2017-03-15,14750.0,15250.0,14750.0,15250.0,14985.0,15985.0
2017-03-14,14750.0,15250.0,14750.0,15250.0,14990.0,15990.0
2017-03-13,14750.0,15250.0,14750.0,15250.0,14990.0,15990.0
2017-03-10,14750.0,15250.0,14750.0,15250.0,14995.0,15995.0
2017-03-09,14750.0,15250.0,14750.0,15250.0,14995.0,15995.0
2017-03-08,14750.0,15250.0,14750.0,15250.0,14995.0,15995.0
2017-03-07,14750.0,15250.0,14750.0,15250.0,14995.0,15995.0
2017-03-06,14750.0,15250.0,14750.0,15250.0,14995.0,15995.0
2017-03-03,14750.0,15250.0,14750.0,15250.0,15000.0,16000.0
2017-03-02,14750.0,15250.0,14750.0,15250.0,15000.0,16000.0
2017-03-01,14750.0,15250.0,14750.0,15250.0,15005.0,16005.0
2017-02-28,14750.0,15250.0,14750.0,15250.0,14965.0,15965.0
2017-02-27,14750.0,15250.0,14750.0,15250.0,14970.0,15970.0
2017-02-24,14750.0,15250.0,14750.0,15250.0,14970.0,15970.0
2017-02-23,14750.0,15250.0,14750.0,15250.0,14973.0,15973.0
2017-02-22,14750.0,15250.0,14750.0,15250.0,14975.0,15975.0
2017-02-21,14750.0,15250.0,14750.0,15250.0,14975.0,15975.0
2017-02-20,14750.0,15250.0,14750.0,15250.0,14975.0,15975.0
2017-02-17,14750.0,15250.0,14750.0,15250.0,14980.0,15980.0
2017-02-16,14750.0,15250.0,14750.0,15250.0,14980.0,15980.0
2017-02-15,14750.0,15250.0,14750.0,15250.0,14985.0,15985.0
2017-02-14,14750.0,15250.0,14750.0,15250.0,14985.0,15985.0
2017-02-13,14750.0,15250.0,14750.0,15250.0,14985.0,15985.0
2017-02-10,14750.0,15250.0,14750.0,15250.0,14990.0,15990.0
2017-02-09,14750.0,15250.0,14750.0,15250.0,14990.0,15990.0
2017-02-08,14750.0,15250.0,14750.0,15250.0,14990.0,15990.0
2017-02-07,14750.0,15250.0,14750.0,15250.0,14990.0,15990.0
2017-02-06,14750.0,15250.0,14750.0,15250.0,14995.0,15995.0
2017-02-03,14750.0,15250.0,14750.0,15250.0,14995.0,15995.0
2017-02-02,14750.0,15250.0,14750.0,15250.0,15000.0,16000.0
2017-02-01,14750.0,15250.0,14750.0,15250.0,15000.0,16000.0
2017-01-31,14750.0,15250.0,14750.0,15250.0,14965.0,15965.0
2017-01-30,14750.0,15250.0,14750.0,15250.0,14965.0,15965.0
2017-01-27,14750.0,15250.0,14750.0,15250.0,14965.0,15965.0
2017-01-26,14750.0,15250.0,14750.0,15250.0,14965.0,15965.0
2017-01-25,14750.0,15250.0,14750.0,15250.0,14970.0,15970.0
2017-01-24,14750.0,15250.0,14750.0,15250.0,14970.0,15970.0
2017-01-23,14750.0,15250.0,14750.0,15250.0,14970.0,15970.0
2017-01-20,14750.0,15250.0,14750.0,15250.0,14975.0,15975.0
2017-01-19,14750.0,15250.0,14750.0,15250.0,14980.0,15980.0
2017-01-18,14750.0,15250.0,14750.0,15250.0,14980.0,15980.0
2017-01-17,14750.0,15250.0,14750.0,15250.0,14980.0,15980.0
2017-01-16,14750.0,15250.0,14750.0,15250.0,14980.0,15980.0
2017-01-13,14750.0,15250.0,14750.0,15250.0,14985.0,15985.0
2017-01-12,14750.0,15250.0,14750.0,15250.0,14990.0,15990.0
2017-01-11,14750.0,15250.0,14750.0,15250.0,14990.0,15990.0
2017-01-10,14750.0,15250.0,14750.0,15250.0,14990.0,15990.0
2017-01-09,14750.0,15250.0,14750.0,15250.0,14990.0,15990.0
2017-01-06,14750.0,15250.0,14750.0,15250.0,14995.0,15995.0
2017-01-05,14750.0,15250.0,14750.0,15250.0,14995.0,15995.0
2017-01-04,14750.0,15250.0,14750.0,15250.0,14995.0,15995.0
2017-01-03,14750.0,15250.0,14750.0,15250.0,15000.0,16000.0
2016-12-30,14750.0,15250.0,14750.0,15250.0,14965.0,15965.0
2016-12-29,14750.0,15250.0,14750.0,15250.0,14965.0,15965.0
2016-12-28,14750.0,15250.0,14750.0,15250.0,14965.0,15965.0
2016-12-23,14750.0,15250.0,14750.0,15250.0,14970.0,15970.0
2016-12-22,14750.0,15250.0,14750.0,15250.0,14970.0,15970.0
2016-12-21,14750.0,15250.0,14750.0,15250.0,14975.0,15975.0
2016-12-20,14750.0,15250.0,14750.0,15250.0,14975.0,15975.0
2016-12-19,14750.0,15250.0,14750.0,15250.0,14975.0,15975.0
2016-12-16,14750.0,15250.0,14750.0,15250.0,14980.0,15980.0
2016-12-15,14750.0,15250.0,14750.0,15250.0,14980.0,15980.0
2016-12-14,14750.0,15250.0,14750.0,15250.0,14980.0,15980.0
2016-12-13,14750.0,15250.0,14750.0,15250.0,14980.0,15980.0
2016-12-12,14750.0,15250.0,14750.0,15250.0,14980.0,15980.0
2016-12-08,14750.0,15250.0,14750.0,15250.0,14985.0,15985.0
2016-12-07,14750.0,15250.0,14750.0,15250.0,14990.0,15990.0
2016-12-06,14750.0,15250.0,14750.0,15250.0,14990.0,15990.0
2016-12-05,14750.0,15250.0,14750.0,15250.0,14990.0,15990.0
2016-12-02,14750.0,15250.0,14750.0,15250.0,15000.0,16000.0
2016-12-01,14750.0,15250.0,14750.0,15250.0,15000.0,16000.0
2016-11-30,14750.0,15250.0,14750.0,15250.0,14960.0,15960.0
2016-11-29,14750.0,15250.0,14750.0,15250.0,14961.0,15961.0
2016-11-28,14750.0,15250.0,14750.0,15250.0,14961.0,15961.0
2016-11-25,14750.0,15250.0,14750.0,15250.0,14965.0,15965.0
2016-11-24,14750.0,15250.0,14750.0,15250.0,14970.0,15970.0
2016-11-23,14750.0,15250.0,14750.0,15250.0,14970.0,15970.0
2016-11-22,14750.0,15250.0,14750.0,15250.0,14970.0,15970.0
2016-11-21,14750.0,15250.0,14750.0,15250.0,14970.0,15970.0
2016-11-18,14750.0,15250.0,14750.0,15250.0,14975.0,15975.0
2016-11-17,14750.0,15250.0,14750.0,15250.0,14975.0,15975.0
2016-11-16,14750.0,15250.0,14750.0,15250.0,14980.0,15980.0
2016-11-15,14750.0,15250.0,14750.0,15250.0,14980.0,15980.0
2016-11-14,14750.0,15250.0,14750.0,15250.0,14980.0,15980.0
2016-11-11,14750.0,15250.0,14750.0,15250.0,14985.0,15985.0
2016-11-10,14750.0,15250.0,14750.0,15250.0,14990.0,15990.0
2016-11-09,14750.0,15250.0,14750.0,15250.0,14990.0,15990.0
2016-11-08,14750.0,15250.0,14750.0,15250.0,14990.0,15990.0
2016-11-07,14750.0,15250.0,14750.0,15250.0,14990.0,15990.0
2016-11-04,14750.0,15250.0,14750.0,15250.0,14995.0,15995.0
2016-11-03,14750.0,15250.0,14750.0,15250.0,15000.0,16000.0
2016-11-02,14750.0,15250.0,14750.0,15250.0,15000.0,16000.0
2016-11-01,14750.0,15250.0,14750.0,15250.0,15000.0,16000.0
2016-10-31,14750.0,15250.0,14750.0,15250.0,14960.0,15960.0
2016-10-28,14750.0,15250.0,14750.0,15250.0,14970.0,15970.0
2016-10-27,14750.0,15250.0,14750.0,15250.0,14970.0,15970.0
2016-10-26,14750.0,15250.0,14750.0,15250.0,14970.0,15970.0
2016-10-25,14750.0,15250.0,14750.0,15250.0,14970.0,15970.0
2016-10-24,14750.0,15250.0,14750.0,15750.0,15220.0,16220.0
2016-10-21,14750.0,15250.0,14750.0,15250.0,14980.0,15980.0
2016-10-20,14750.0,15250.0,14750.0,15250.0,14980.0,15980.0
2016-10-19,14750.0,15250.0,14750.0,15250.0,14980.0,15980.0
2016-10-18,14750.0,15250.0,14750.0,15250.0,14980.0,15980.0
2016-10-17,14750.0,15250.0,14750.0,15250.0,14980.0,15980.0
2016-10-14,15000.0,15500.0,15000.0,15500.0,15235.0,16235.0
2016-10-13,15000.0,15500.0,15000.0,15500.0,15235.0,16235.0
2016-10-12,15000.0,15500.0,15000.0,15500.0,15240.0,16240.0
2016-10-11,15000.0,15500.0,15000.0,15500.0,15240.0,16240.0
2016-10-10,15000.0,15500.0,15000.0,15500.0,15240.0,16240.0
2016-10-07,15000.0,15500.0,15000.0,15500.0,15245.0,16245.0
2016-10-06,15000.0,15500.0,15000.0,15500.0,15250.0,16250.0
2016-10-05,15000.0,15500.0,15000.0,15500.0,15250.0,16250.0
2016-10-04,15000.0,15500.0,15000.0,15500.0,15250.0,16250.0
2016-10-03,15000.0,15500.0,15000.0,15500.0,15260.0,16260.0
2016-09-30,14750.0,15250.0,14750.0,15250.0,14975.0,15975.0
2016-09-29,14650.0,15150.0,14650.0,15150.0,14885.0,15885.0
2016-09-28,14650.0,15150.0,14650.0,15150.0,14880.0,15880.0
2016-09-27,14650.0,15150.0,14650.0,15150.0,14880.0,15880.0
2016-09-26,14650.0,15150.0,14650.0,15150.0,14880.0,15880.0
2016-09-23,14650.0,15150.0,14650.0,15150.0,14885.0,15885.0
2016-09-22,14650.0,15150.0,14650.0,15150.0,14890.0,15890.0
2016-09-21,14650.0,15150.0,14650.0,15150.0,14890.0,15890.0
2016-09-20,15150.0,15650.0,15150.0,15650.0,15390.0,16390.0
2016-09-19,15750.0,16250.0,15750.0,16250.0,15995.0,16995.0
2016-09-16,15750.0,16250.0,15750.0,16250.0,15995.0,16995.0
2016-09-15,15750.0,16250.0,15750.0,16250.0,16000.0,17000.0
2016-09-14,15750.0,16250.0,15750.0,16250.0,16000.0,17000.0
2016-09-13,15750.0,16250.0,15750.0,16250.0,16000.0,17000.0
2016-09-12,15750.0,16250.0,15750.0,16250.0,16005.0,17005.0
2016-09-09,15750.0,16250.0,15750.0,16250.0,16010.0,17010.0
2016-09-08,15750.0,16250.0,15750.0,16250.0,16010.0,17010.0
2016-09-07,15750.0,16250.0,15750.0,16250.0,16010.0,17010.0
2016-09-06,16000.0,16500.0,16000.0,16500.0,16265.0,17265.0
2016-09-05,16000.0,16500.0,16000.0,16500.0,16265.0,17265.0
2016-09-02,16000.0,16500.0,16000.0,16500.0,16270.0,17270.0
2016-09-01,16000.0,16500.0,16000.0,16500.0,16287.0,17287.0
2016-08-31,16000.0,16500.0,16000.0,16500.0,16248.0,17248.0
2016-08-30,16000.0,16500.0,16000.0,16500.0,16250.0,17250.0
2016-08-26,16000.0,16500.0,16000.0,16500.0,16260.0,17260.0
2016-08-25,16000.0,16500.0,16000.0,16500.0,16260.0,17260.0
2016-08-24,16000.0,16500.0,16000.0,16500.0,16260.0,17260.0
2016-08-23,15500.0,16000.0,15500.0,16000.0,15765.0,16765.0
2016-08-22,15500.0,16000.0,15500.0,16000.0,15770.0,16770.0
2016-08-19,15500.0,16000.0,15500.0,16000.0,15775.0,16775.0
2016-08-18,15500.0,16000.0,15500.0,16000.0,15780.0,16780.0
2016-08-17,15500.0,16000.0,15500.0,16000.0,15780.0,16780.0
2016-08-16,15500.0,16000.0,15500.0,16000.0,15780.0,16780.0
2016-08-15,15500.0,16000.0,15500.0,16000.0,15785.0,16785.0
2016-08-12,15500.0,16000.0,15500.0,16000.0,15790.0,16790.0
2016-08-11,15500.0,16000.0,15500.0,16000.0,15790.0,16790.0
2016-08-10,15500.0,16000.0,15500.0,16000.0,15799.0,16799.0
2016-08-09,15500.0,16000.0,15500.0,16000.0,15802.0,16802.0
2016-08-08,15500.0,16000.0,15500.0,16000.0,15805.0,16805.0
2016-08-05,15500.0,16000.0,15500.0,16000.0,15820.0,16820.0
2016-08-04,15500.0,16000.0,15500.0,16000.0,15820.0,16820.0
2016-08-03,15500.0,16000.0,15500.0,16000.0,15820.0,16820.0
2016-08-02,15500.0,16000.0,15500.0,16000.0,15825.0,16825.0
2016-08-01,15500.0,16000.0,15500.0,16000.0,15826.0,16826.0
2016-07-29,15000.0,15500.0,15000.0,15500.0,15297.0,16297.0
2016-07-28,15000.0,15500.0,15000.0,15500.0,15300.0,16300.0
2016-07-27,14250.0,14750.0,14250.0,14750.0,14550.0,15550.0
2016-07-26,14250.0,14750.0,14250.0,14750.0,14555.0,15555.0
2016-07-25,14250.0,14750.0,14250.0,14750.0,14555.0,15555.0
2016-07-22,14750.0,15250.0,14750.0,15250.0,15070.0,16070.0
2016-07-21,14750.0,15250.0,14750.0,15250.0,15070.0,16070.0
2016-07-20,14750.0,15250.0,14750.0,15250.0,15070.0,16070.0
2016-07-19,14750.0,15250.0,14750.0,15250.0,15075.0,16075.0
2016-07-18,14750.0,15250.0,14750.0,15250.0,15080.0,16080.0
2016-07-15,14750.0,15250.0,14750.0,15250.0,15090.0,16090.0
2016-07-14,14750.0,15250.0,14750.0,15250.0,15090.0,16090.0
2016-07-13,14750.0,15250.0,14750.0,15250.0,15090.0,16090.0
2016-07-12,14750.0,15250.0,14750.0,15250.0,15095.0,16095.0
2016-07-11,14750.0,15250.0,14750.0,15250.0,15095.0,16095.0
2016-07-08,14750.0,15250.0,14750.0,15250.0,15110.0,16110.0
2016-07-07,14750.0,15250.0,14750.0,15250.0,15110.0,16110.0
2016-07-06,16500.0,17000.0,16500.0,17000.0,16860.0,17860.0
2016-07-05,16500.0,17000.0,16500.0,17000.0,16865.0,17865.0
2016-07-04,16500.0,17000.0,16500.0,17000.0,16870.0,17870.0
2016-07-01,16500.0,17000.0,16500.0,17000.0,16880.0,17880.0
2016-06-30,16500.0,17000.0,16500.0,17000.0,16840.0,17840.0
2016-06-29,16500.0,17000.0,16500.0,17000.0,16840.0,17840.0
2016-06-28,16500.0,17000.0,16500.0,17000.0,16845.0,17845.0
2016-06-27,16500.0,17000.0,16500.0,17000.0,16850.0,17850.0
2016-06-24,16500.0,17000.0,16500.0,17000.0,16860.0,17860.0
2016-06-23,16500.0,17000.0,16500.0,17000.0,16860.0,17860.0
2016-06-22,16500.0,17000.0,16500.0,17000.0,16865.0,17865.0
2016-06-21,16500.0,17000.0,16500.0,17000.0,16865.0,17865.0
2016-06-20,16500.0,17000.0,16500.0,17000.0,16870.0,17870.0
2016-06-17,16500.0,17000.0,16500.0,17000.0,16880.0,17880.0
2016-06-16,14800.0,15300.0,14800.0,15300.0,15180.0,16180.0
2016-06-15,14800.0,15300.0,14800.0,15300.0,15180.0,16180.0
2016-06-14,14800.0,15300.0,14800.0,15300.0,15180.0,16180.0
2016-06-13,14800.0,15300.0,14800.0,15300.0,15185.0,16185.0
2016-06-10,14800.0,15300.0,14800.0,15300.0,15195.0,16195.0
2016-06-09,14800.0,15300.0,14800.0,15300.0,15195.0,16195.0
2016-06-08,14800.0,15300.0,14800.0,15300.0,15195.0,16195.0
2016-06-07,14800.0,15300.0,14800.0,15300.0,15200.0,16200.0
2016-06-06,14800.0,15300.0,14800.0,15300.0,15200.0,16200.0
2016-06-03,14800.0,15300.0,14800.0,15300.0,15210.0,16210.0
2016-06-02,14800.0,15300.0,14800.0,15300.0,15210.0,16210.0
2016-06-01,14800.0,15300.0,14800.0,15300.0,15210.0,16210.0
2016-05-31,14800.0,15300.0,14800.0,15300.0,15175.0,16175.0
2016-05-27,14800.0,15300.0,14800.0,15300.0,15185.0,16185.0
2016-05-26,14800.0,15300.0,14800.0,15300.0,15185.0,16185.0
2016-05-25,14800.0,15300.0,14800.0,15300.0,15185.0,16185.0
2016-05-24,14800.0,15300.0,14800.0,15300.0,15190.0,16190.0
2016-05-23,14800.0,15300.0,14800.0,15300.0,15190.0,16190.0
2016-05-20,14800.0,15300.0,14800.0,15300.0,15200.0,16200.0
2016-05-19,14800.0,15300.0,14800.0,15300.0,15200.0,16200.0
2016-05-18,14800.0,15300.0,14800.0,15300.0,15205.0,16205.0
2016-05-17,14800.0,15300.0,14800.0,15300.0,15205.0,16205.0
2016-05-16,14800.0,15300.0,14800.0,15300.0,15210.0,16210.0
2016-05-13,14800.0,15300.0,14800.0,15300.0,15220.0,16220.0
2016-05-12,14800.0,15300.0,14800.0,15300.0,15220.0,16220.0
2016-05-11,14800.0,15300.0,14800.0,15300.0,15220.0,16220.0
2016-05-10,15000.0,15300.0,15000.0,15300.0,15325.0,16325.0
2016-05-09,14250.0,14750.0,14250.0,14750.0,14675.0,15675.0
2016-05-06,13100.0,13600.0,13300.0,13800.0,13740.0,14740.0
2016-05-05,13100.0,13600.0,13300.0,13800.0,13740.0,14740.0
2016-05-04,13100.0,13600.0,13300.0,13800.0,13740.0,14740.0
2016-05-03,13100.0,13600.0,13300.0,13800.0,13745.0,14745.0
2016-04-29,13100.0,13600.0,13300.0,13800.0,13715.0,14715.0
2016-04-28,13100.0,13600.0,13300.0,13800.0,13720.0,14720.0
2016-04-27,12300.0,12800.0,12500.0,13000.0,12925.0,13925.0
2016-04-26,12300.0,12800.0,12500.0,13000.0,12925.0,13925.0
2016-04-25,12100.0,12600.0,12300.0,12800.0,12730.0,13730.0
2016-04-22,11800.0,12300.0,12000.0,12500.0,12440.0,13440.0
2016-04-21,11800.0,12300.0,12000.0,12500.0,12440.0,13440.0
2016-04-20,11800.0,12300.0,12000.0,12500.0,12445.0,13445.0
2016-04-19,11800.0,12300.0,12000.0,12500.0,12450.0,13450.0
2016-04-18,11800.0,12300.0,12000.0,12500.0,12450.0,13450.0
2016-04-15,11800.0,12300.0,12000.0,12500.0,12455.0,13455.0
2016-04-14,11800.0,12300.0,12000.0,12500.0,12460.0,13460.0
2016-04-13,11800.0,12300.0,12000.0,12500.0,12460.0,13460.0
2016-04-12,11800.0,12300.0,12000.0,12500.0,12465.0,13465.0
2016-04-11,11800.0,12300.0,12000.0,12500.0,12465.0,13465.0
2016-04-08,11800.0,12300.0,12000.0,12500.0,12475.0,13475.0
2016-04-07,11800.0,12300.0,12000.0,12500.0,12475.0,13475.0
2016-04-06,11800.0,12300.0,12000.0,12500.0,12225.0,13225.0
2016-04-05,11700.0,12200.0,11700.0,12200.0,12180.0,13180.0
2016-04-04,11700.0,12200.0,11700.0,12200.0,12180.0,13180.0
2016-04-01,11700.0,12200.0,11700.0,12200.0,12190.0,13190.0
2016-03-31,11700.0,12200.0,11700.0,12200.0,12150.0,13150.0
2016-03-30,11700.0,12200.0,11700.0,12200.0,12150.0,13150.0
2016-03-29,11700.0,12200.0,11700.0,12200.0,12150.0,13150.0
2016-03-24,11700.0,12200.0,11700.0,12200.0,12165.0,13165.0
2016-03-23,11700.0,12200.0,11700.0,12200.0,12170.0,13170.0
2016-03-22,11700.0,12200.0,11700.0,12200.0,12170.0,13170.0
2016-03-21,11700.0,12200.0,11700.0,12200.0,12175.0,13175.0
2016-03-18,11700.0,12200.0,11700.0,12200.0,11930.0,12930.0
2016-03-17,11700.0,12200.0,11700.0,12200.0,12180.0,13180.0
2016-03-16,11700.0,12200.0,11700.0,12200.0,12185.0,13185.0
2016-03-15,11700.0,12200.0,11700.0,12200.0,12185.0,13185.0
2016-03-14,11700.0,12200.0,11700.0,12200.0,12190.0,13190.0
2016-03-11,11700.0,12200.0,11700.0,12200.0,12200.0,13200.0
2016-03-10,11700.0,12200.0,11700.0,12200.0,12200.0,13200.0
2016-03-09,11700.0,12200.0,11700.0,12200.0,12205.0,13205.0
2016-03-08,11700.0,12200.0,11700.0,12200.0,12205.0,13205.0
2016-03-07,11700.0,12200.0,11700.0,12200.0,12210.0,13210.0
2016-03-03,11700.0,12200.0,11700.0,12200.0,12220.0,13220.0
2016-03-02,11700.0,12200.0,11700.0,12200.0,12225.0,13225.0
2016-03-01,11700.0,12200.0,11700.0,12200.0,12225.0,13225.0
2016-02-29,11700.0,12200.0,11700.0,12200.0,11940.0,12940.0
2016-02-26,11700.0,12200.0,11700.0,12200.0,12200.0,13200.0
2016-02-24,11700.0,12200.0,11700.0,12200.0,12210.0,13210.0
2016-02-23,11700.0,12200.0,11700.0,12200.0,12210.0,13210.0
2016-02-22,11700.0,12200.0,11700.0,12200.0,12210.0,13210.0
2016-02-19,11700.0,12200.0,11700.0,12200.0,12220.0,13220.0
2016-02-18,11700.0,12200.0,11700.0,12200.0,12225.0,13225.0
2016-02-17,11700.0,12200.0,11700.0,12200.0,12230.0,13230.0
2016-02-16,11500.0,12000.0,11500.0,12000.0,12030.0,13030.0
2016-02-15,11500.0,12000.0,11500.0,12000.0,12030.0,13030.0
2016-02-11,11500.0,12000.0,11500.0,12000.0,12045.0,13045.0
2016-02-10,11500.0,12000.0,11500.0,12000.0,12045.0,13045.0
2016-02-09,11500.0,12000.0,11500.0,12000.0,12045.0,13045.0
2016-02-08,11500.0,12000.0,11500.0,12000.0,12045.0,13045.0
2016-02-05,11500.0,12000.0,11500.0,12000.0,12055.0,13055.0
2016-02-04,11500.0,12000.0,11500.0,12000.0,12060.0,13060.0
2016-02-03,11500.0,12000.0,11500.0,12000.0,12060.0,13060.0
2016-02-02,11500.0,12000.0,11500.0,12000.0,12060.0,13060.0
2016-02-01,11500.0,12000.0,11500.0,12000.0,12060.0,13060.0
2016-01-28,11500.0,12000.0,11500.0,12000.0,12035.0,13035.0
2016-01-27,11500.0,12000.0,11500.0,12000.0,12035.0,13035.0
2016-01-26,11500.0,12000.0,11500.0,12000.0,12040.0,13040.0
2016-01-25,11500.0,12000.0,11500.0,12000.0,12040.0,13040.0
2016-01-22,11500.0,12000.0,11500.0,12000.0,12050.0,13050.0
2016-01-21,11500.0,12000.0,11500.0,12000.0,12050.0,13050.0
2016-01-20,11500.0,12000.0,11500.0,12000.0,12055.0,13055.0
2016-01-19,11400.0,11900.0,11400.0,11900.0,11955.0,12955.0
2016-01-18,11400.0,11900.0,11400.0,11900.0,11955.0,12955.0
2016-01-15,11400.0,11900.0,11400.0,11900.0,11960.0,12960.0
2016-01-14,11400.0,11900.0,11400.0,11900.0,11965.0,12965.0
2016-01-13,11400.0,11900.0,11400.0,11900.0,11970.0,12970.0
2016-01-12,11400.0,11900.0,11400.0,11900.0,11970.0,12970.0
2016-01-11,11500.0,12000.0,11500.0,12000.0,12075.0,13075.0
2016-01-08,11500.0,12000.0,11500.0,12000.0,12075.0,13075.0
2016-01-07,11500.0,12000.0,11500.0,12000.0,12075.0,13075.0
2016-01-06,11250.0,11750.0,11250.0,11750.0,11830.0,12830.0
2016-01-05,11500.0,12000.0,11500.0,12000.0,12080.0,13080.0
2016-01-04,11500.0,12000.0,11500.0,12000.0,12080.0,13080.0
2015-12-31,11500.0,12000.0,11500.0,12000.0,12045.0,13045.0
2015-12-30,11500.0,12000.0,11500.0,12000.0,12050.0,13050.0
2015-12-29,11500.0,12000.0,11500.0,12000.0,12060.0,13060.0
2015-12-24,11500.0,12000.0,11500.0,12000.0,12070.0,13070.0
2015-12-23,11500.0,12000.0,11500.0,12000.0,12070.0,13070.0
2015-12-22,11500.0,12000.0,11500.0,12000.0,12070.0,13070.0
2015-12-21,11500.0,12000.0,11500.0,12000.0,12085.0,13085.0
2015-12-17,11500.0,12000.0,11500.0,12000.0,12095.0,13095.0
2015-12-16,11500.0,12000.0,11500.0,12000.0,12100.0,13100.0
2015-12-15,11500.0,12000.0,11500.0,12000.0,12100.0,13100.0
2015-12-14,11000.0,11500.0,11000.0,11500.0,11605.0,12605.0
2015-12-11,11000.0,11500.0,11000.0,11500.0,11610.0,12610.0
2015-12-10,11000.0,11500.0,11000.0,11500.0,11610.0,12610.0
2015-12-09,10800.0,11300.0,10800.0,11300.0,11410.0,12410.0
2015-12-08,10900.0,11400.0,10900.0,11400.0,11510.0,12510.0
2015-12-07,10000.0,10500.0,10000.0,10500.0,10615.0,11615.0
2015-12-04,10000.0,10500.0,10000.0,10500.0,10620.0,11620.0
2015-12-03,10000.0,10500.0,10000.0,10500.0,10250.0,11250.0
2015-12-02,10000.0,10500.0,10000.0,10500.0,10250.0,11250.0
2015-12-01,10300.0,10800.0,10300.0,10800.0,10550.0,11550.0
2015-11-30,10300.0,10800.0,10300.0,10800.0,10515.0,11515.0
2015-11-27,10300.0,10800.0,10300.0,10800.0,10520.0,11520.0
2015-11-26,10300.0,10800.0,10300.0,10800.0,10520.0,11520.0
2015-11-25,10300.0,10800.0,10300.0,10800.0,10520.0,11520.0
2015-11-24,10300.0,10800.0,10300.0,10800.0,10520.0,11520.0
2015-11-23,10300.0,10800.0,10300.0,10800.0,10520.0,11520.0
2015-11-20,10300.0,10800.0,10300.0,10800.0,10525.0,11525.0
2015-11-19,10300.0,10800.0,10300.0,10800.0,10525.0,11525.0
2015-11-18,10300.0,10800.0,10300.0,10800.0,10525.0,11525.0
2015-11-17,10300.0,10800.0,10300.0,10800.0,10530.0,11530.0
2015-11-16,10500.0,11000.0,10500.0,11000.0,10730.0,11730.0
2015-11-13,10500.0,11000.0,10500.0,11000.0,10740.0,11740.0
2015-11-12,10500.0,11000.0,10500.0,11000.0,10740.0,11740.0
2015-11-11,10500.0,11000.0,10500.0,11000.0,10740.0,11740.0
2015-11-10,10500.0,11000.0,10500.0,11000.0,10740.0,11740.0
2015-11-09,10500.0,11000.0,10500.0,11000.0,10740.0,11740.0
2015-11-06,10500.0,11000.0,10500.0,11000.0,10750.0,11750.0
2015-11-05,10500.0,11000.0,10500.0,11000.0,10750.0,11750.0
2015-11-04,10500.0,11000.0,10500.0,11000.0,10750.0,11750.0
2015-11-03,10500.0,11500.0,10500.0,11000.0,10750.0,11750.0
2015-11-02,10500.0,11000.0,10500.0,11000.0,10750.0,11750.0
2015-10-30,10500.0,11000.0,10500.0,11000.0,10720.0,11720.0
2015-10-29,10000.0,10500.0,10000.0,10500.0,10220.0,11220.0
2015-10-28,10000.0,10500.0,10000.0,10500.0,10220.0,11220.0
2015-10-27,10000.0,10500.0,10000.0,10500.0,10220.0,11220.0
2015-10-26,10000.0,10500.0,10000.0,10500.0,10220.0,11220.0
2015-10-23,9700.0,10200.0,9700.0,10200.0,9925.0,10925.0
2015-10-22,9700.0,10200.0,9700.0,10200.0,9925.0,10925.0
2015-10-21,9700.0,10200.0,9700.0,10200.0,9900.0,10900.0
2015-10-20,9700.0,10200.0,9700.0,10200.0,9930.0,10930.0
2015-10-19,10200.0,10700.0,10200.0,10700.0,10430.0,11430.0
2015-10-16,10200.0,10700.0,10200.0,10700.0,10440.0,11440.0
2015-10-15,10200.0,10700.0,10200.0,10700.0,10440.0,11440.0
2015-10-14,10200.0,10700.0,10200.0,10700.0,10440.0,11440.0
2015-10-13,10200.0,10700.0,10200.0,10700.0,10440.0,11440.0
2015-10-12,10200.0,10700.0,10200.0,10700.0,10440.0,11440.0
2015-10-09,10200.0,10700.0,10200.0,10700.0,10450.0,11450.0
2015-10-08,10200.0,10700.0,10200.0,10700.0,10450.0,11450.0
2015-10-07,10550.0,11050.0,10550.0,11050.0,10795.0,11795.0
2015-10-06,10750.0,11250.0,10750.0,11250.0,11000.0,12000.0
2015-10-05,11050.0,11550.0,11050.0,11550.0,11300.0,12300.0
2015-10-02,11300.0,11800.0,11300.0,11800.0,11550.0,12550.0
2015-10-01,11400.0,11900.0,11400.0,11900.0,11650.0,12650.0
2015-09-30,11600.0,12100.0,11600.0,12100.0,11820.0,12820.0
2015-09-29,11600.0,12100.0,11600.0,12100.0,11815.0,12815.0
2015-09-28,11700.0,12200.0,11700.0,12200.0,11920.0,12920.0
2015-09-25,11700.0,12200.0,11700.0,12200.0,11925.0,12925.0
2015-09-24,11800.0,12300.0,11800.0,12300.0,12025.0,13025.0
2015-09-23,11800.0,12300.0,11800.0,12300.0,12025.0,13025.0
2015-09-22,11800.0,12300.0,11800.0,12300.0,12025.0,13025.0
2015-09-21,11900.0,12400.0,11900.0,12400.0,12125.0,13125.0
2015-09-18,12000.0,12500.0,12000.0,12500.0,12230.0,13230.0
2015-09-17,12200.0,12600.0,12200.0,12600.0,12375.0,13375.0
2015-09-16,11800.0,12300.0,11800.0,12300.0,12030.0,13030.0
2015-09-15,12800.0,13300.0,12800.0,13300.0,13030.0,14030.0
2015-09-14,12800.0,13300.0,12800.0,13300.0,13035.0,14035.0
2015-09-11,12800.0,13300.0,12800.0,13300.0,13040.0,14040.0
2015-09-10,12800.0,13300.0,12800.0,13300.0,13040.0,14040.0
2015-09-09,12800.0,13300.0,12800.0,13300.0,13040.0,14040.0
2015-09-08,12800.0,13300.0,12800.0,13300.0,13040.0,14040.0
2015-09-07,12800.0,13800.0,12800.0,13300.0,13045.0,14045.0
2015-09-04,12800.0,13300.0,12800.0,13300.0,13050.0,14050.0
2015-09-03,12800.0,13300.0,12800.0,13300.0,13050.0,14050.0
2015-09-02,12600.0,13100.0,12800.0,13300.0,13050.0,14050.0
2015-09-01,12600.0,13100.0,12800.0,13300.0,13000.0,14000.0
2015-08-28,12450.0,12950.0,12670.0,13170.0,12890.0,13890.0
2015-08-27,12800.0,13300.0,12800.0,13300.0,13015.0,14015.0
2015-08-26,12800.0,13300.0,12800.0,13300.0,13020.0,14020.0
2015-08-25,12800.0,13300.0,12800.0,13300.0,13020.0,14020.0
2015-08-24,12800.0,13300.0,12800.0,13300.0,13025.0,14025.0
2015-08-21,12800.0,13300.0,12800.0,13300.0,13025.0,14025.0
2015-08-20,10000.0,10500.0,10000.0,10500.0,10220.0,11220.0
2015-08-19,12800.0,13300.0,12800.0,13300.0,13030.0,14030.0
2015-08-18,12800.0,13300.0,12800.0,13300.0,13030.0,14030.0
2015-08-17,12550.0,13050.0,12550.0,13050.0,12780.0,13780.0
2015-08-14,12600.0,13100.0,12600.0,13100.0,12840.0,13840.0
2015-08-13,13100.0,13600.0,13100.0,13600.0,13340.0,14340.0
2015-08-12,13200.0,13700.0,13200.0,13700.0,13440.0,14440.0
2015-08-11,13200.0,13700.0,13200.0,13700.0,13440.0,14440.0
2015-08-10,13200.0,13700.0,13200.0,13700.0,13445.0,14445.0
2015-08-07,13200.0,13700.0,13200.0,13700.0,13450.0,14450.0
2015-08-06,13200.0,13700.0,13200.0,13700.0,13450.0,14450.0
2015-08-05,13200.0,13700.0,13200.0,13700.0,13450.0,14450.0
2015-08-04,13000.0,13500.0,13000.0,13500.0,13250.0,14250.0
2015-08-03,13000.0,13500.0,13000.0,13500.0,13250.0,14250.0
2015-07-31,13000.0,13500.0,13000.0,13500.0,13220.0,14220.0
2015-07-30,13000.0,13500.0,13000.0,13500.0,13220.0,14220.0
2015-07-29,13000.0,13500.0,13000.0,13500.0,13220.0,14220.0
2015-07-28,13000.0,13500.0,13000.0,13500.0,13220.0,14220.0
2015-07-27,13000.0,13500.0,13000.0,13500.0,13220.0,14220.0
2015-07-24,13000.0,13500.0,13000.0,13500.0,13225.0,14225.0
2015-07-23,12350.0,12850.0,12350.0,12850.0,12575.0,13575.0
2015-07-22,12350.0,12850.0,12350.0,12850.0,12580.0,13580.0
2015-07-21,12350.0,12850.0,12350.0,12850.0,12580.0,13580.0
2015-07-20,12300.0,12800.0,12300.0,12800.0,12530.0,13530.0
2015-07-17,12300.0,12800.0,12300.0,12800.0,12535.0,13535.0
2015-07-16,12300.0,12800.0,12300.0,12800.0,12535.0,13535.0
2015-07-15,12300.0,12800.0,12300.0,12800.0,12540.0,13540.0
2015-07-14,11750.0,12000.0,11750.0,12000.0,11615.0,12615.0
2015-07-13,8750.0,9250.0,9000.0,9500.0,9240.0,10240.0
2015-07-10,12100.0,12600.0,12300.0,12800.0,12545.0,13545.0
2015-07-09,12750.0,13250.0,12750.0,13250.0,12995.0,13995.0
2015-07-08,12750.0,13250.0,12750.0,13250.0,12995.0,13995.0
2015-07-07,12850.0,13350.0,12850.0,13350.0,13095.0,14095.0
2015-07-06,12850.0,13350.0,12850.0,13350.0,13100.0,14100.0
2015-07-03,12850.0,13350.0,12850.0,13350.0,13100.0,14100.0
2015-07-02,12850.0,13350.0,12850.0,13350.0,13100.0,14100.0
2015-07-01,13100.0,13600.0,13100.0,13600.0,13350.0,14350.0
2015-06-30,13250.0,13750.0,13250.0,13750.0,13465.0,14465.0
2015-06-29,13250.0,13750.0,13250.0,13750.0,13450.0,14450.0
2015-06-26,12750.0,13250.0,12750.0,13250.0,12970.0,13970.0
2015-06-25,13500.0,14000.0,13500.0,14000.0,13720.0,14720.0
2015-06-24,13500.0,14000.0,13500.0,14000.0,13720.0,14720.0
2015-06-23,13850.0,14350.0,13850.0,14350.0,14075.0,15075.0
2015-06-22,14050.0,14550.0,14050.0,14550.0,14275.0,15275.0
2015-06-19,14400.0,14900.0,14400.0,14900.0,14630.0,15630.0
2015-06-18,14400.0,14900.0,14400.0,14900.0,14630.0,15630.0
2015-06-17,14600.0,15100.0,14600.0,15100.0,14830.0,15830.0
2015-06-16,14700.0,15200.0,14700.0,15200.0,14950.0,15950.0
2015-06-15,10000.0,10500.0,10000.0,10500.0,10220.0,11220.0
2015-06-12,10000.0,10500.0,10000.0,10500.0,10220.0,11220.0
2015-06-11,15800.0,16300.0,15800.0,16300.0,16040.0,17040.0
2015-06-10,16300.0,16800.0,16300.0,16800.0,16540.0,17540.0
2015-06-09,16300.0,16800.0,16500.0,17000.0,16740.0,17740.0
2015-06-08,16300.0,16800.0,16500.0,17000.0,16740.0,17740.0
2015-06-05,16500.0,16800.0,16750.0,17000.0,16870.0,17870.0
2015-06-04,16600.0,16800.0,17000.0,17200.0,16995.0,17995.0
2015-06-03,16600.0,16900.0,17000.0,17500.0,17250.0,18250.0
2015-06-02,17000.0,17500.0,17000.0,17500.0,17250.0,18250.0
2015-06-01,17000.0,17500.0,17000.0,17500.0,17250.0,18250.0
2015-05-29,16800.0,17100.0,17000.0,17500.0,17220.0,18220.0
2015-05-28,16800.0,17300.0,17000.0,17500.0,17220.0,18220.0
2015-05-27,16800.0,17300.0,17000.0,17500.0,17200.0,18200.0
2015-05-26,16800.0,17300.0,17000.0,17500.0,17220.0,18220.0
2015-05-22,16800.0,17300.0,17000.0,17500.0,17225.0,18225.0
2015-05-21,16600.0,17100.0,17000.0,17500.0,17225.0,18225.0
2015-05-20,16500.0,17000.0,16500.0,17000.0,16730.0,17730.0
2015-05-19,16800.0,17300.0,17000.0,17500.0,17230.0,18230.0
2015-05-18,16800.0,17300.0,17000.0,17500.0,17230.0,18230.0
2015-05-15,16800.0,17300.0,17000.0,17500.0,17235.0,18235.0
2015-05-14,16800.0,17300.0,17000.0,17500.0,17235.0,18235.0
2015-05-13,16600.0,17100.0,17000.0,17500.0,17240.0,18240.0
2015-05-12,16600.0,17100.0,17000.0,17500.0,17200.0,18200.0
2015-05-11,16600.0,17100.0,17000.0,17500.0,17200.0,18200.0
2015-05-08,16600.0,17100.0,17000.0,17500.0,17245.0,18245.0
2015-05-07,16600.0,17100.0,17000.0,17500.0,17245.0,18245.0
2015-05-06,17000.0,17500.0,17000.0,17500.0,17245.0,18245.0
2015-05-05,17000.0,17500.0,17000.0,17500.0,17245.0,18245.0
2015-05-01,16750.0,17250.0,16750.0,17250.0,17000.0,18000.0
2015-04-30,16750.0,17250.0,16750.0,17250.0,16965.0,17965.0
2015-04-29,16750.0,17250.0,16750.0,17250.0,16960.0,17960.0
2015-04-28,16750.0,17250.0,16750.0,17250.0,16965.0,17965.0
2015-04-27,16750.0,17250.0,16750.0,17250.0,16965.0,17965.0
2015-04-24,16900.0,17100.0,16900.0,17100.0,16970.0,17970.0
2015-04-23,16900.0,17100.0,16900.0,17100.0,16970.0,17970.0
2015-04-22,16750.0,17250.0,16750.0,17250.0,16970.0,17970.0
2015-04-21,16800.0,17300.0,17000.0,17100.0,17025.0,18025.0
2015-04-20,17000.0,17500.0,17000.0,17500.0,17220.0,18220.0
2015-04-17,17000.0,17500.0,17000.0,17500.0,17228.0,18228.0
2015-04-16,16500.0,17000.0,16500.0,17000.0,16729.0,17729.0
2015-04-15,16500.0,17000.0,16500.0,17000.0,16730.0,17730.0
2015-04-14,16600.0,17100.0,16600.0,17100.0,16830.0,17830.0
2015-04-13,17150.0,17650.0,17150.0,17650.0,17385.0,18385.0
2015-04-10,17150.0,17650.0,17150.0,17650.0,17390.0,18390.0
2015-04-09,17150.0,17650.0,17150.0,17650.0,17390.0,18390.0
2015-04-08,17150.0,17650.0,17150.0,17650.0,17390.0,18390.0
2015-04-07,17150.0,17650.0,17150.0,17650.0,17390.0,18390.0
2015-04-02,17900.0,18400.0,17900.0,18400.0,18150.0,19150.0
2015-04-01,17900.0,18400.0,17900.0,18400.0,18150.0,19150.0
2015-03-31,18000.0,18500.0,18000.0,18500.0,18210.0,19210.0
2015-03-30,18000.0,18500.0,18000.0,18500.0,18210.0,19210.0
2015-03-27,18000.0,18500.0,18000.0,18500.0,18215.0,19215.0
2015-03-26,18000.0,18500.0,18000.0,18500.0,18220.0,19220.0
2015-03-25,18000.0,18500.0,18000.0,18500.0,18220.0,19220.0
2015-03-24,18000.0,18500.0,18000.0,18500.0,18220.0,19220.0
2015-03-23,18000.0,18500.0,18000.0,18500.0,18220.0,19220.0
2015-03-20,18000.0,18500.0,18000.0,18500.0,18225.0,19225.0
2015-03-19,18000.0,18500.0,18000.0,18500.0,18225.0,19225.0
2015-03-18,17650.0,18150.0,17900.0,18400.0,18130.0,19130.0
2015-03-17,17000.0,17500.0,17000.0,17500.0,17230.0,18230.0
2015-03-16,17000.0,17500.0,17000.0,17500.0,17250.0,18250.0
2015-03-13,17000.0,17500.0,17000.0,17500.0,17235.0,18235.0
2015-03-12,17000.0,17500.0,17000.0,17500.0,17235.0,18235.0
2015-03-11,17000.0,17500.0,17000.0,17500.0,17240.0,18240.0
2015-03-10,17000.0,17500.0,17000.0,17500.0,17240.0,18240.0
2015-03-09,17000.0,17500.0,17000.0,17500.0,17240.0,18240.0
2015-03-06,16800.0,17300.0,17000.0,17500.0,17250.0,18250.0
2015-03-05,16800.0,17300.0,17000.0,17500.0,17250.0,18250.0
2015-03-04,16800.0,17300.0,17000.0,17500.0,17250.0,18250.0
2015-03-03,16800.0,17300.0,17000.0,17500.0,17250.0,18250.0
2015-03-02,16500.0,17000.0,16700.0,17200.0,16950.0,17950.0
2015-02-27,16500.0,17000.0,16700.0,17200.0,16920.0,17920.0
2015-02-26,15850.0,16350.0,16050.0,16550.0,16270.0,17270.0
2015-02-25,15850.0,16350.0,16050.0,16550.0,16270.0,17270.0
2015-02-24,15850.0,16350.0,16050.0,16550.0,16270.0,17270.0
2015-02-23,16050.0,16550.0,16050.0,16550.0,16300.0,17300.0
2015-02-20,16050.0,16550.0,16050.0,16550.0,16280.0,17280.0
2015-02-19,16200.0,16700.0,16200.0,16700.0,16430.0,17430.0
2015-02-18,16050.0,16550.0,16050.0,16550.0,16290.0,17290.0
2015-02-17,16200.0,16700.0,16200.0,16700.0,16400.0,17400.0
2015-02-16,16900.0,17400.0,16900.0,17400.0,17135.0,18135.0
2015-02-13,16900.0,17400.0,16900.0,17400.0,17140.0,18140.0
2015-02-12,17250.0,17750.0,17250.0,17750.0,17490.0,18490.0
2015-02-11,17400.0,17900.0,17600.0,18100.0,17840.0,18840.0
2015-02-10,17700.0,18200.0,17700.0,18200.0,17940.0,18940.0
2015-02-09,18200.0,18700.0,18200.0,18700.0,18445.0,19445.0
2015-02-06,18250.0,18750.0,18250.0,18750.0,18495.0,19495.0
2015-02-05,18250.0,18750.0,18250.0,18750.0,18500.0,19500.0
2015-02-04,19000.0,19500.0,19000.0,19500.0,19245.0,20245.0
2015-02-03,19000.0,19500.0,19000.0,19500.0,19250.0,20250.0
2015-02-02,19000.0,19500.0,19000.0,19500.0,19250.0,20250.0
2015-01-30,19000.0,19500.0,19000.0,19500.0,19200.0,20200.0
2015-01-29,19000.0,19500.0,19000.0,19500.0,19210.0,20210.0
2015-01-28,19000.0,19500.0,19000.0,19500.0,19215.0,20215.0
2015-01-27,19500.0,20000.0,19500.0,20000.0,19715.0,20715.0
2015-01-26,20000.0,20500.0,20000.0,20500.0,20215.0,21215.0
2015-01-23,20000.0,20500.0,20000.0,20500.0,20220.0,21220.0
2015-01-22,20000.0,20500.0,20000.0,20500.0,20220.0,21220.0
2015-01-21,20000.0,20500.0,20000.0,20500.0,20225.0,21225.0
2015-01-20,20000.0,20500.0,20000.0,20500.0,20225.0,21225.0
2015-01-19,20000.0,20500.0,20000.0,20500.0,20225.0,21225.0
2015-01-16,20000.0,21000.0,20000.0,21000.0,20500.0,21500.0
2015-01-15,20000.0,21000.0,20000.0,21000.0,20480.0,21480.0
2015-01-14,20000.0,21000.0,20000.0,21000.0,20500.0,21500.0
2015-01-13,20000.0,21000.0,20000.0,21000.0,20500.0,21500.0
2015-01-12,20500.0,21500.0,20500.0,21500.0,21000.0,22000.0
2015-01-09,20000.0,21000.0,20000.0,21000.0,20488.0,21488.0
2015-01-08,20000.0,21000.0,20000.0,21000.0,20475.0,21475.0
2015-01-07,20000.0,21000.0,20000.0,21000.0,20490.0,21490.0
2015-01-06,20000.0,21000.0,20000.0,21000.0,20490.0,21490.0
2015-01-05,20000.0,21000.0,20000.0,21000.0,20490.0,21490.0
2015-01-02,20000.0,21000.0,20000.0,21000.0,20495.0,21495.0
2014-12-31,20000.0,21000.0,20000.0,21000.0,20460.0,21460.0
2014-12-30,20000.0,21000.0,20000.0,21000.0,20460.0,21460.0
2014-12-29,20000.0,21000.0,20000.0,21000.0,20460.0,21460.0
2014-12-24,20000.0,21000.0,20000.0,21000.0,20470.0,21470.0
2014-12-23,20000.0,21000.0,20000.0,21000.0,20470.0,21470.0
2014-12-22,19100.0,20100.0,19100.0,20100.0,19570.0,20570.0
2014-12-19,19100.0,20100.0,19100.0,20100.0,19580.0,20580.0
2014-12-18,19100.0,20100.0,19100.0,20100.0,19580.0,20580.0
2014-12-17,19100.0,20100.0,19100.0,20100.0,19580.0,20580.0
2014-12-16,19100.0,20100.0,19100.0,20100.0,19585.0,20585.0
2014-12-15,19100.0,20100.0,19100.0,20100.0,19585.0,20585.0
2014-12-12,19100.0,20100.0,19100.0,20100.0,19590.0,20590.0
2014-12-11,19850.0,20850.0,19850.0,20850.0,20300.0,21300.0
2014-12-10,19100.0,20100.0,19100.0,20100.0,19595.0,20595.0
2014-12-09,19100.0,20100.0,19100.0,20100.0,19595.0,20595.0
2014-12-08,19100.0,20100.0,19100.0,20100.0,19600.0,20600.0
2014-12-05,19800.0,20800.0,19800.0,20800.0,20302.0,21302.0
2014-12-04,19800.0,20800.0,19800.0,20800.0,20305.0,21305.0
2014-12-03,19800.0,20800.0,19800.0,20800.0,20305.0,21305.0
2014-12-02,19800.0,20800.0,19800.0,20800.0,20305.0,21305.0
2014-12-01,19760.0,20760.0,19760.0,20760.0,20270.0,21270.0
2014-11-28,20000.0,21000.0,20000.0,21000.0,20500.0,21500.0
2014-11-27,20000.0,20750.0,20000.0,20750.0,20350.0,21350.0
2014-11-26,20000.0,20750.0,20000.0,20750.0,20350.0,21350.0
2014-11-25,20450.0,20750.0,20450.0,20750.0,20500.0,21500.0
2014-11-24,20425.0,20730.0,20425.0,20730.0,20550.0,21550.0
2014-11-21,20450.0,21450.0,20500.0,21500.0,20990.0,21990.0
2014-11-20,20000.0,21000.0,20000.0,21000.0,20490.0,21490.0
2014-11-19,20000.0,21000.0,20000.0,21000.0,20490.0,21490.0
2014-11-18,20000.0,21000.0,20000.0,21000.0,20500.0,21500.0
2014-11-17,20000.0,21000.0,20000.0,21000.0,20500.0,21500.0
2014-11-14,20000.0,21000.0,20000.0,21000.0,20500.0,21500.0
2014-11-13,20000.0,21000.0,20000.0,21000.0,20500.0,21500.0
2014-11-12,20000.0,21000.0,20000.0,21000.0,20500.0,21500.0
2014-11-11,20000.0,21000.0,20000.0,21000.0,20500.0,21500.0
2014-11-10,21000.0,22000.0,21000.0,22000.0,21500.0,22500.0
2014-11-07,21000.0,22000.0,21000.0,22000.0,21515.0,22515.0
2014-11-06,20000.0,21000.0,20000.0,21000.0,20510.0,21510.0
2014-11-05,20000.0,21000.0,20000.0,21000.0,20510.0,21510.0
2014-11-04,20000.0,21000.0,20000.0,21000.0,20515.0,21515.0
2014-11-03,20000.0,21000.0,20000.0,21000.0,20515.0,21515.0
2014-10-31,20000.0,21000.0,20000.0,21000.0,20500.0,21500.0
2014-10-30,20000.0,21000.0,20000.0,21000.0,20485.0,21485.0
2014-10-29,20000.0,21000.0,20000.0,21000.0,20485.0,21485.0
2014-10-28,20000.0,21000.0,20000.0,21000.0,20490.0,21490.0
2014-10-27,20000.0,21000.0,20000.0,21000.0,20500.0,21500.0
2014-10-24,19500.0,20500.0,19500.0,20500.0,20000.0,21000.0
2014-10-23,19500.0,20500.0,19500.0,20500.0,20000.0,21000.0
2014-10-22,19500.0,20500.0,19500.0,20500.0,19998.0,20998.0
2014-10-21,19500.0,20500.0,19500.0,20500.0,20000.0,21000.0
2014-10-20,19500.0,20500.0,19500.0,20500.0,20000.0,21000.0
2014-10-17,19500.0,20500.0,19500.0,20500.0,20010.0,21010.0
2014-10-16,19500.0,20500.0,19500.0,20500.0,20010.0,21010.0
2014-10-15,21500.0,22500.0,21500.0,22500.0,22010.0,23010.0
2014-10-14,19500.0,20500.0,19500.0,20500.0,20000.0,21000.0
2014-10-13,19500.0,20500.0,19500.0,20500.0,20010.0,21010.0
2014-10-10,19500.0,20500.0,19500.0,20500.0,20015.0,21015.0
2014-10-09,19500.0,20500.0,19500.0,20500.0,20015.0,21015.0
2014-10-08,20400.0,21400.0,20400.0,21400.0,20920.0,21920.0
2014-10-07,20400.0,21400.0,20400.0,21400.0,20920.0,21920.0
2014-10-06,20400.0,21400.0,20400.0,21400.0,20920.0,21920.0
2014-10-03,22500.0,23500.0,22500.0,23500.0,23025.0,24025.0
2014-10-02,22500.0,23500.0,22500.0,23500.0,23025.0,24025.0
2014-10-01,22500.0,23500.0,22500.0,23500.0,23025.0,24025.0
2014-09-30,22500.0,23500.0,22500.0,23500.0,22990.0,23990.0
2014-09-29,23500.0,24500.0,23500.0,24500.0,23990.0,24990.0
2014-09-26,23500.0,24500.0,23500.0,24500.0,23995.0,24995.0
2014-09-25,24000.0,25000.0,24000.0,25000.0,24500.0,25500.0
2014-09-24,24000.0,25000.0,24000.0,25000.0,24500.0,25500.0
2014-09-23,24500.0,25500.0,24500.0,25500.0,25000.0,26000.0
2014-09-22,24500.0,25500.0,24500.0,25500.0,25000.0,26000.0
2014-09-19,24500.0,25500.0,24500.0,25500.0,25000.0,26000.0
2014-09-18,25500.0,26500.0,25500.0,26500.0,26000.0,27000.0
2014-09-17,25500.0,26500.0,25500.0,26500.0,26010.0,27010.0
2014-09-16,26000.0,27000.0,26000.0,27000.0,26500.0,27500.0
2014-09-15,26800.0,27800.0,26800.0,27800.0,27300.0,28300.0
2014-09-12,26800.0,27800.0,26800.0,27800.0,27320.0,28320.0
2014-09-11,26800.0,27800.0,26800.0,27800.0,27200.0,28200.0
2014-09-10,27000.0,28000.0,27000.0,28000.0,27725.0,28725.0
2014-09-09,27500.0,28500.0,27500.0,28500.0,28240.0,29240.0
2014-09-08,28000.0,29000.0,28000.0,29000.0,28740.0,29740.0
2014-09-05,28250.0,29250.0,28250.0,29250.0,29000.0,30000.0
2014-09-04,28250.0,29250.0,28250.0,29250.0,29000.0,30000.0
2014-09-03,28250.0,29250.0,28250.0,29250.0,29000.0,30000.0
2014-09-02,28250.0,29250.0,28250.0,29250.0,29000.0,30000.0
2014-09-01,28250.0,29250.0,28250.0,29250.0,29000.0,30000.0
2014-08-29,28500.0,29000.0,28500.0,29000.0,28950.0,29950.0
2014-08-28,28000.0,29000.0,28000.0,29000.0,28700.0,29700.0
2014-08-27,28500.0,29000.0,28500.0,29000.0,28950.0,29950.0
2014-08-26,28350.0,29350.0,28350.0,29350.0,29055.0,30055.0
2014-08-22,28700.0,29000.0,28700.0,29000.0,29065.0,30065.0
2014-08-21,28000.0,29000.0,28000.0,29000.0,28715.0,29715.0
2014-08-20,28000.0,29000.0,28000.0,29000.0,28715.0,29715.0
2014-08-19,28000.0,29000.0,28000.0,29000.0,28720.0,29720.0
2014-08-18,28000.0,29000.0,28000.0,29000.0,28720.0,29720.0
2014-08-15,28000.0,29000.0,28000.0,29000.0,28700.0,29700.0
2014-08-14,28500.0,29500.0,28500.0,29500.0,29230.0,30230.0
2014-08-13,28500.0,29500.0,28500.0,29500.0,29230.0,30230.0
2014-08-12,28500.0,29500.0,28500.0,29500.0,29230.0,30230.0
2014-08-11,28000.0,29000.0,28000.0,29000.0,28730.0,29730.0
2014-08-08,28000.0,29000.0,28000.0,29000.0,28740.0,29740.0
2014-08-07,28000.0,29000.0,28000.0,29000.0,28730.0,29730.0
2014-08-06,28000.0,29000.0,28000.0,29000.0,28750.0,29750.0
2014-08-05,28000.0,29000.0,28000.0,29000.0,28750.0,29750.0
2014-08-04,28000.0,29000.0,28000.0,29000.0,28750.0,29750.0
2014-08-01,28000.0,29000.0,28000.0,29000.0,28750.0,29750.0
2014-07-31,28000.0,29000.0,28000.0,29000.0,28690.0,29690.0
2014-07-30,28000.0,29000.0,28000.0,29000.0,28695.0,29695.0
2014-07-29,28500.0,29500.0,28500.0,29500.0,29195.0,30195.0
2014-07-28,28500.0,29500.0,28500.0,29500.0,29195.0,30195.0
2014-07-25,28500.0,29500.0,28500.0,29500.0,29200.0,30200.0
2014-07-24,28500.0,29500.0,28500.0,29500.0,29205.0,30205.0
2014-07-23,28500.0,29500.0,28500.0,29500.0,29200.0,30200.0
2014-07-22,28500.0,29500.0,28500.0,29500.0,29200.0,30200.0
2014-07-21,28500.0,29500.0,28500.0,29500.0,29210.0,30210.0
2014-07-18,28500.0,29500.0,28500.0,29500.0,29220.0,30220.0
2014-07-17,28000.0,29000.0,28000.0,29000.0,28720.0,29720.0
2014-07-16,28000.0,29000.0,28000.0,29000.0,28720.0,29720.0
2014-07-15,28000.0,29000.0,28000.0,29000.0,28720.0,29720.0
2014-07-14,27500.0,28500.0,27500.0,28500.0,28220.0,29220.0
2014-07-11,27500.0,28500.0,27500.0,28500.0,28230.0,29230.0
2014-07-10,27500.0,28500.0,27500.0,28500.0,28225.0,29225.0
2014-07-09,27500.0,28500.0,27500.0,28500.0,28235.0,29235.0
2014-07-08,28000.0,29000.0,28000.0,29000.0,28735.0,29735.0
2014-07-07,28000.0,29000.0,28000.0,29000.0,28750.0,29750.0
2014-07-04,28000.0,29000.0,28000.0,29000.0,28750.0,29750.0
2014-07-03,28000.0,29000.0,28000.0,29000.0,28750.0,29750.0
2014-07-02,29000.0,30000.0,29000.0,30000.0,29750.0,30750.0
2014-07-01,29000.0,30000.0,29000.0,30000.0,29750.0,30750.0
2014-06-30,29000.0,30000.0,29000.0,30000.0,29700.0,30700.0
2014-06-27,31000.0,33000.0,31000.0,33000.0,32200.0,33200.0
2014-06-26,30200.0,30500.0,30200.0,30500.0,30700.0,31700.0
2014-06-25,32000.0,33000.0,32000.0,33000.0,32705.0,33705.0
2014-06-24,32000.0,33000.0,32000.0,33000.0,32705.0,33705.0
2014-06-23,32000.0,33000.0,32000.0,33000.0,32705.0,33705.0
2014-06-20,32000.0,33000.0,32000.0,33000.0,32715.0,33715.0
2014-06-19,32000.0,33000.0,32000.0,33000.0,32715.0,33715.0
2014-06-18,32000.0,33000.0,32000.0,33000.0,32720.0,33720.0
2014-06-17,32000.0,33000.0,32000.0,33000.0,32720.0,33720.0
2014-06-16,32000.0,33000.0,32000.0,33000.0,32720.0,33720.0
2014-06-13,32000.0,33000.0,32000.0,33000.0,32730.0,33730.0
2014-06-12,32000.0,33000.0,32000.0,33000.0,32730.0,33730.0
2014-06-11,32000.0,33000.0,32000.0,33000.0,32735.0,33735.0
2014-06-10,32000.0,33000.0,32000.0,33000.0,32735.0,33735.0
2014-06-09,32000.0,33000.0,32000.0,33000.0,32740.0,33740.0
2014-06-06,32000.0,33000.0,32000.0,33000.0,32895.0,33895.0
2014-06-05,32000.0,33000.0,32000.0,33000.0,32750.0,33750.0
2014-06-04,32000.0,33000.0,32000.0,33000.0,32750.0,33750.0
2014-06-03,30000.0,31000.0,30000.0,31000.0,30750.0,31750.0
2014-06-02,30000.0,31000.0,30000.0,31000.0,30750.0,31750.0
2014-05-30,31700.0,32700.0,31700.0,32700.0,32400.0,33400.0
2014-05-29,31000.0,32000.0,31000.0,32000.0,31700.0,32700.0
2014-05-28,31000.0,32000.0,31000.0,32000.0,31705.0,32705.0
2014-05-27,31000.0,32000.0,31000.0,32000.0,31705.0,32705.0
2014-05-23,31000.0,32000.0,31000.0,32000.0,31715.0,32715.0
2014-05-22,30500.0,31500.0,30500.0,31500.0,31215.0,32215.0
2014-05-21,30500.0,31500.0,30500.0,31500.0,31220.0,32220.0
2014-05-20,30500.0,31500.0,30500.0,31500.0,31220.0,32220.0
2014-05-19,30500.0,31500.0,30500.0,31500.0,31220.0,32220.0
2014-05-16,30500.0,31500.0,30500.0,31500.0,31230.0,32230.0
2014-05-15,30500.0,31500.0,30500.0,31500.0,31225.0,32225.0
2014-05-14,30500.0,31500.0,30500.0,31500.0,31230.0,32230.0
2014-05-13,30500.0,31500.0,30500.0,31500.0,31230.0,32230.0
2014-05-12,30500.0,31500.0,30500.0,31500.0,31230.0,32230.0
2014-05-09,29500.0,30500.0,29500.0,30500.0,30240.0,31240.0
2014-05-08,30000.0,31000.0,30000.0,31000.0,30740.0,31740.0
2014-05-07,28500.0,29500.0,28500.0,29500.0,29240.0,30240.0
2014-05-06,28500.0,29500.0,28500.0,29500.0,29250.0,30250.0
2014-05-02,28500.0,29500.0,28500.0,29500.0,29250.0,30250.0
2014-05-01,28500.0,29500.0,28500.0,29500.0,29250.0,30250.0
2014-04-30,27750.0,28750.0,27750.0,28750.0,28440.0,29440.0
2014-04-29,27750.0,28750.0,27750.0,28750.0,28450.0,29450.0
2014-04-28,28000.0,28750.0,27750.0,28750.0,28450.0,29450.0
2014-04-25,27750.0,28750.0,27750.0,28750.0,28450.0,29450.0
2014-04-24,27750.0,28750.0,27750.0,28750.0,28455.0,29455.0
2014-04-23,27500.0,28500.0,27500.0,28500.0,28200.0,29200.0
2014-04-22,27500.0,28500.0,27500.0,28500.0,28210.0,29210.0
2014-04-17,27500.0,28500.0,27500.0,28500.0,28220.0,29220.0
2014-04-16,27500.0,28500.0,27500.0,28500.0,28220.0,29220.0
2014-04-15,27500.0,28500.0,27500.0,28500.0,28220.0,29220.0
2014-04-14,26500.0,27500.0,26500.0,27500.0,27225.0,28225.0
2014-04-11,26500.0,27500.0,26500.0,27500.0,27230.0,28230.0
2014-04-10,25000.0,26000.0,25000.0,26000.0,25730.0,26730.0
2014-04-09,25000.0,26000.0,25000.0,26000.0,25735.0,26735.0
2014-04-08,25500.0,27000.0,25500.0,27000.0,26485.0,27485.0
2014-04-07,25000.0,26000.0,25000.0,26000.0,25740.0,26740.0
2014-04-04,25000.0,26000.0,25000.0,26000.0,25740.0,26740.0
2014-04-03,22500.0,23500.0,22500.0,23500.0,23245.0,24245.0
2014-04-02,22500.0,23500.0,22500.0,23500.0,23250.0,24250.0
2014-04-01,22500.0,23500.0,22500.0,23500.0,23250.0,24250.0
2014-03-31,22500.0,23500.0,22500.0,23500.0,23190.0,24190.0
2014-03-28,22500.0,23500.0,22500.0,23500.0,23200.0,24200.0
2014-03-27,21500.0,22500.0,21500.0,22500.0,22200.0,23200.0
2014-03-26,21500.0,22500.0,21500.0,22500.0,22200.0,23200.0
2014-03-25,21500.0,22500.0,21500.0,22500.0,22205.0,23205.0
2014-03-24,21500.0,22500.0,21500.0,22500.0,22205.0,23205.0
2014-03-21,21500.0,22500.0,21500.0,22500.0,22215.0,23215.0
2014-03-20,21500.0,22500.0,21500.0,22500.0,22215.0,23215.0
2014-03-19,21500.0,22500.0,21500.0,22500.0,22220.0,23220.0
2014-03-18,22000.0,23000.0,22000.0,23000.0,22720.0,23720.0
2014-03-17,21500.0,22500.0,21500.0,22500.0,22220.0,23220.0
2014-03-14,22000.0,23000.0,22000.0,23000.0,22730.0,23730.0
2014-03-13,22000.0,23000.0,22000.0,23000.0,22730.0,23730.0
2014-03-12,22000.0,23000.0,22000.0,23000.0,22725.0,23725.0
2014-03-11,22000.0,23000.0,22000.0,23000.0,22725.0,23725.0
2014-03-10,22500.0,23500.0,22500.0,23500.0,23235.0,24235.0
2014-03-07,22500.0,23500.0,22500.0,23500.0,23250.0,24250.0
2014-03-06,22500.0,23500.0,22500.0,23500.0,23245.0,24245.0
2014-03-05,22500.0,23500.0,22500.0,23500.0,23245.0,24245.0
2014-03-04,22000.0,23000.0,22000.0,23000.0,22750.0,23750.0
2014-03-03,22000.0,23000.0,22000.0,23000.0,22750.0,23750.0
2014-02-28,21500.0,22500.0,21500.0,22500.0,22200.0,23200.0
2014-02-27,21500.0,22500.0,21500.0,22500.0,22205.0,23205.0
2014-02-26,22500.0,23500.0,22500.0,23500.0,23205.0,24205.0
2014-02-25,22000.0,23000.0,22000.0,23000.0,22705.0,23705.0
2014-02-24,22500.0,23750.0,22500.0,23750.0,23340.0,24340.0
2014-02-21,22250.0,22750.0,22250.0,22750.0,22720.0,23720.0
2014-02-20,22000.0,22750.0,22000.0,22750.0,22600.0,23600.0
2014-02-19,21500.0,22500.0,21500.0,22500.0,22225.0,23225.0
2014-02-18,21500.0,22500.0,21500.0,22500.0,22225.0,23225.0
2014-02-17,21800.0,22800.0,21800.0,22800.0,22525.0,23525.0
2014-02-14,21800.0,22800.0,21800.0,22800.0,22530.0,23530.0
2014-02-13,21800.0,22800.0,21800.0,22800.0,22530.0,23530.0
2014-02-12,21800.0,22800.0,21800.0,22800.0,22535.0,23535.0
2014-02-11,21800.0,22800.0,21800.0,22800.0,22535.0,23535.0
2014-02-10,21800.0,22800.0,21800.0,22800.0,22540.0,23540.0
2014-02-07,21800.0,22800.0,21800.0,22800.0,22545.0,23545.0
2014-02-06,21800.0,22800.0,21800.0,22800.0,22545.0,23545.0
2014-02-05,21800.0,22800.0,21800.0,22800.0,22545.0,23545.0
2014-02-04,21800.0,22800.0,21800.0,22800.0,22545.0,23545.0
2014-02-03,21800.0,22800.0,21800.0,22800.0,22550.0,23550.0
2014-01-31,21800.0,22800.0,21800.0,22800.0,22495.0,23495.0
2014-01-30,21800.0,22800.0,21800.0,22800.0,22495.0,23495.0
2014-01-29,21800.0,22800.0,21800.0,22800.0,22495.0,23495.0
2014-01-28,21800.0,22800.0,21800.0,22800.0,22500.0,23500.0
2014-01-27,21800.0,22800.0,21800.0,22800.0,22500.0,23500.0
2014-01-24,21800.0,22800.0,21800.0,22800.0,22505.0,23505.0
2014-01-23,21800.0,22800.0,21800.0,22800.0,22510.0,23510.0
2014-01-22,21800.0,22800.0,21800.0,22800.0,22510.0,23510.0
2014-01-21,21800.0,22800.0,21800.0,22800.0,22510.0,23510.0
2014-01-20,21250.0,22250.0,21250.0,22250.0,21960.0,22960.0
2014-01-17,21250.0,22250.0,21250.0,22250.0,21970.0,22970.0
2014-01-16,21550.0,22550.0,21550.0,22550.0,22270.0,23270.0
2014-01-15,21000.0,22000.0,21000.0,22000.0,21725.0,22725.0
2014-01-14,21200.0,21750.0,21200.0,21750.0,21700.0,22700.0
2014-01-13,21200.0,21750.0,21200.0,21750.0,21700.0,22700.0
2014-01-10,20000.0,21000.0,20000.0,21000.0,20725.0,21725.0
2014-01-09,21000.0,22000.0,21000.0,22000.0,21740.0,22740.0
2014-01-08,20500.0,21500.0,20500.0,21500.0,21240.0,22240.0
2014-01-07,20500.0,21500.0,20500.0,21500.0,21240.0,22240.0
2014-01-06,20500.0,21500.0,20500.0,21500.0,21240.0,22240.0
2014-01-03,20500.0,21500.0,20500.0,21500.0,21250.0,22250.0
2014-01-02,20500.0,21500.0,20500.0,21500.0,21255.0,22255.0
2013-12-31,20500.0,21500.0,20500.0,21500.0,21200.0,22200.0
2013-12-30,20500.0,21500.0,20500.0,21500.0,21200.0,22200.0
2013-12-27,20500.0,21500.0,20500.0,21500.0,21210.0,22210.0
2013-12-24,20500.0,21500.0,20500.0,21500.0,21210.0,22210.0
2013-12-23,20500.0,21500.0,20500.0,21500.0,21210.0,22210.0
2013-12-20,20500.0,21500.0,20500.0,21500.0,21200.0,22200.0
2013-12-19,20500.0,21500.0,20500.0,21500.0,21220.0,22220.0
2013-12-18,20500.0,21500.0,20500.0,21500.0,21200.0,22200.0
2013-12-17,20500.0,21500.0,20500.0,21500.0,21200.0,22200.0
2013-12-16,20800.0,21800.0,20800.0,21800.0,21500.0,22500.0
2013-12-13,20800.0,21800.0,20800.0,21800.0,21530.0,22530.0
2013-12-12,20800.0,21800.0,20800.0,21800.0,21535.0,22535.0
2013-12-11,20800.0,21800.0,20800.0,21800.0,21540.0,22540.0
2013-12-10,20300.0,21300.0,20300.0,21300.0,21040.0,22040.0
2013-12-09,20300.0,21300.0,20300.0,21300.0,21040.0,22040.0
2013-12-06,20300.0,21300.0,20300.0,21300.0,21045.0,22045.0
2013-12-05,20300.0,21300.0,20300.0,21300.0,21050.0,22050.0
2013-12-04,20300.0,21300.0,20300.0,21300.0,21050.0,22050.0
2013-12-03,20300.0,21300.0,20300.0,21300.0,21050.0,22050.0
2013-12-02,20300.0,21300.0,20300.0,21300.0,21050.0,22050.0
2013-11-29,20300.0,21300.0,20300.0,21300.0,21000.0,22000.0
2013-11-28,20300.0,21300.0,20300.0,21300.0,21000.0,22000.0
2013-11-27,20300.0,21300.0,20300.0,21300.0,21000.0,22000.0
2013-11-26,20300.0,21300.0,20300.0,21300.0,21005.0,22005.0
2013-11-25,20300.0,21300.0,20300.0,21300.0,21005.0,22005.0
2013-11-22,20300.0,21300.0,20300.0,21300.0,21015.0,22015.0
2013-11-21,20300.0,21300.0,20300.0,21300.0,21000.0,22000.0
2013-11-20,20300.0,21300.0,20300.0,21300.0,21020.0,22020.0
2013-11-19,20300.0,21300.0,20300.0,21300.0,21020.0,22020.0
2013-11-18,20300.0,21300.0,20300.0,21300.0,21020.0,22020.0
2013-11-15,20300.0,21300.0,20300.0,21300.0,21030.0,22030.0
2013-11-14,20300.0,21300.0,20300.0,21300.0,21030.0,22030.0
2013-11-13,20300.0,21300.0,20300.0,21300.0,21030.0,22030.0
2013-11-12,20300.0,21300.0,20300.0,21300.0,21030.0,22030.0
2013-11-11,20300.0,21300.0,20300.0,21300.0,21035.0,22035.0
2013-11-08,20300.0,21300.0,20300.0,21300.0,21040.0,22040.0
2013-11-07,20300.0,21300.0,20300.0,21300.0,21040.0,22040.0
2013-11-06,20500.0,21500.0,20500.0,21500.0,21240.0,22240.0
2013-11-05,20500.0,21500.0,20500.0,21500.0,21245.0,22245.0
2013-11-04,20500.0,21500.0,20500.0,21500.0,21250.0,22250.0
2013-11-01,20500.0,21500.0,20500.0,21500.0,21255.0,22255.0
2013-10-31,20500.0,21500.0,20500.0,21500.0,21195.0,22195.0
2013-10-30,20500.0,21500.0,20500.0,21500.0,21195.0,22195.0
2013-10-29,20500.0,21500.0,20500.0,21500.0,21195.0,22195.0
2013-10-28,20500.0,21500.0,20500.0,21500.0,21200.0,22200.0
2013-10-25,20300.0,20800.0,20300.0,20800.0,20755.0,21755.0
2013-10-24,20250.0,20750.0,20250.0,20750.0,20705.0,21705.0
2013-10-23,20250.0,20750.0,20250.0,20750.0,20705.0,21705.0
2013-10-22,20250.0,20750.0,20250.0,20750.0,20710.0,21710.0
2013-10-21,20250.0,20750.0,20250.0,20750.0,20710.0,21710.0
2013-10-18,20000.0,20700.0,20000.0,20700.0,20500.0,21500.0
2013-10-17,20000.0,20700.0,20000.0,20700.0,20500.0,21500.0
2013-10-16,20000.0,21000.0,20000.0,21000.0,20700.0,21700.0
2013-10-15,20000.0,21000.0,20000.0,21000.0,20720.0,21720.0
2013-10-14,20000.0,21000.0,20000.0,21000.0,20720.0,21720.0
2013-10-11,20000.0,21000.0,20000.0,21000.0,20725.0,21725.0
2013-10-10,20000.0,21000.0,20000.0,21000.0,20725.0,21725.0
2013-10-09,20000.0,21000.0,20000.0,21000.0,20725.0,21725.0
2013-10-08,20000.0,21000.0,20000.0,21000.0,20725.0,21725.0
2013-10-07,20000.0,21000.0,20000.0,21000.0,20735.0,21735.0
2013-10-04,20250.0,20750.0,20250.0,20750.0,20745.0,21745.0
2013-10-03,20000.0,21000.0,20000.0,21000.0,20750.0,21750.0
2013-10-02,20000.0,21000.0,20000.0,21000.0,20745.0,21745.0
2013-10-01,20000.0,21000.0,20000.0,21000.0,20745.0,21745.0
2013-09-30,20000.0,21000.0,20000.0,21000.0,20700.0,21700.0
2013-09-27,20000.0,21000.0,20000.0,21000.0,20700.0,21700.0
2013-09-26,20000.0,21000.0,20000.0,21000.0,20700.0,21700.0
2013-09-25,20000.0,21000.0,20000.0,21000.0,20700.0,21700.0
2013-09-24,20000.0,21000.0,20000.0,21000.0,20710.0,21710.0
2013-09-23,20000.0,21000.0,20000.0,21000.0,20715.0,21715.0
2013-09-20,20000.0,21000.0,20000.0,21000.0,20720.0,21720.0
2013-09-19,20000.0,21000.0,20000.0,21000.0,20720.0,21720.0
2013-09-18,20000.0,21000.0,20000.0,21000.0,20720.0,21720.0
2013-09-17,20000.0,21000.0,20000.0,21000.0,20700.0,21700.0
2013-09-16,20000.0,21000.0,20000.0,21000.0,20700.0,21700.0
2013-09-13,20000.0,21000.0,20000.0,21000.0,20730.0,21730.0
2013-09-12,20500.0,21500.0,20500.0,21500.0,21230.0,22230.0
2013-09-11,20500.0,21500.0,20500.0,21500.0,21235.0,22235.0
2013-09-10,20700.0,21700.0,20700.0,21700.0,21440.0,22440.0
2013-09-09,20700.0,21700.0,20700.0,21700.0,21440.0,22440.0
2013-09-06,20500.0,21500.0,20500.0,21500.0,21245.0,22245.0
2013-09-05,20500.0,21500.0,20500.0,21500.0,21250.0,22250.0
2013-09-04,20500.0,21500.0,20500.0,21500.0,21250.0,22250.0
2013-09-03,20300.0,21300.0,20300.0,21300.0,21050.0,22050.0
2013-09-02,20600.0,21600.0,20600.0,21600.0,21350.0,22350.0
2013-08-30,20600.0,21600.0,20600.0,21600.0,21300.0,22300.0
2013-08-29,20600.0,21600.0,20600.0,21600.0,21300.0,22300.0
2013-08-28,20600.0,21600.0,20600.0,21600.0,21300.0,22300.0
2013-08-27,19600.0,20600.0,19600.0,20600.0,20300.0,21300.0
2013-08-23,19600.0,20600.0,19600.0,20600.0,20315.0,21315.0
2013-08-22,19600.0,20600.0,19600.0,20600.0,20315.0,21315.0
2013-08-21,19600.0,20600.0,19600.0,20600.0,20320.0,21320.0
2013-08-20,19600.0,20600.0,19600.0,20600.0,20320.0,21320.0
2013-08-19,19600.0,20600.0,19600.0,20600.0,20320.0,21320.0
2013-08-16,19600.0,20600.0,19600.0,20600.0,20325.0,21325.0
2013-08-15,19600.0,20600.0,19600.0,20600.0,20325.0,21325.0
2013-08-14,19600.0,20600.0,19600.0,20600.0,20325.0,21325.0
2013-08-13,19600.0,20600.0,19600.0,20600.0,20330.0,21330.0
2013-08-12,19600.0,20600.0,19600.0,20600.0,20325.0,21325.0
2013-08-09,19600.0,20600.0,19600.0,20600.0,20340.0,21340.0
2013-08-08,19600.0,20600.0,19600.0,20600.0,20340.0,21340.0
2013-08-07,19600.0,20600.0,19600.0,20600.0,20340.0,21340.0
2013-08-06,19600.0,20600.0,19600.0,20600.0,20350.0,21350.0
2013-08-05,19600.0,20600.0,19600.0,20600.0,20350.0,21350.0
2013-08-02,19600.0,20600.0,19600.0,20600.0,20350.0,21350.0
2013-08-01,19600.0,20600.0,19600.0,20600.0,20350.0,21350.0
2013-07-31,19600.0,20600.0,19600.0,20600.0,20290.0,21290.0
2013-07-30,19600.0,20600.0,19600.0,20600.0,20295.0,21295.0
2013-07-29,19300.0,20300.0,19300.0,20300.0,19995.0,20995.0
2013-07-26,19300.0,20300.0,19300.0,20300.0,20000.0,21000.0
2013-07-25,19500.0,20500.0,19500.0,20500.0,20200.0,21200.0
2013-07-24,20000.0,21000.0,20000.0,21000.0,20700.0,21700.0
2013-07-23,19000.0,20000.0,19000.0,20000.0,19705.0,20705.0
2013-07-22,19000.0,20000.0,19000.0,20000.0,19710.0,20710.0
2013-07-19,20000.0,21000.0,20000.0,21000.0,20700.0,21700.0
2013-07-18,20000.0,21000.0,20000.0,21000.0,20720.0,21720.0
2013-07-17,20000.0,21000.0,20000.0,21000.0,20720.0,21720.0
2013-07-16,20000.0,21000.0,20000.0,21000.0,20720.0,21720.0
2013-07-15,20000.0,21000.0,20000.0,21000.0,20720.0,21720.0
2013-07-12,21000.0,22000.0,21000.0,22000.0,21730.0,22730.0
2013-07-11,21000.0,22000.0,21000.0,22000.0,21730.0,22730.0
2013-07-10,21000.0,22000.0,21000.0,22000.0,21730.0,22730.0
2013-07-09,21000.0,22000.0,21000.0,22000.0,21730.0,22730.0
2013-07-08,21000.0,22000.0,21000.0,22000.0,21735.0,22735.0
2013-07-05,21000.0,22000.0,21000.0,22000.0,21740.0,22740.0
2013-07-04,21000.0,22000.0,21000.0,22000.0,21740.0,22740.0
2013-07-03,21000.0,22000.0,21000.0,22000.0,21750.0,22750.0
2013-07-02,22200.0,23200.0,22200.0,23200.0,22950.0,23950.0
2013-07-01,22200.0,23200.0,22200.0,23200.0,22950.0,23950.0
2013-06-28,22200.0,23200.0,22200.0,23200.0,22900.0,23900.0
2013-06-27,22200.0,23200.0,22200.0,23200.0,22896.0,23896.0
2013-06-26,22200.0,23200.0,22200.0,23200.0,22900.0,23900.0
2013-06-25,22200.0,23200.0,22200.0,23200.0,22900.0,23900.0
2013-06-24,22200.0,23200.0,22200.0,23200.0,22900.0,23900.0
2013-06-21,22200.0,23200.0,22200.0,23200.0,22910.0,23910.0
2013-06-20,22000.0,23000.0,22000.0,23000.0,22700.0,23700.0
2013-06-19,22200.0,23200.0,22200.0,23200.0,22915.0,23915.0
2013-06-18,22200.0,23200.0,22200.0,23200.0,22920.0,23920.0
2013-06-17,22200.0,23200.0,22200.0,23200.0,22920.0,23920.0
2013-06-14,23000.0,24000.0,23000.0,24000.0,23727.0,24727.0
2013-06-13,23000.0,24000.0,23000.0,24000.0,23725.0,24725.0
2013-06-12,23000.0,24000.0,23000.0,24000.0,23725.0,24725.0
2013-06-11,23000.0,24000.0,23000.0,24000.0,23730.0,24730.0
2013-06-10,23000.0,24000.0,23000.0,24000.0,23750.0,24750.0
2013-06-07,23000.0,24000.0,23000.0,24000.0,23750.0,24750.0
2013-06-06,23000.0,24000.0,23000.0,24000.0,23750.0,24750.0
2013-06-05,23000.0,24000.0,23000.0,24000.0,23725.0,24725.0
2013-06-04,23000.0,24000.0,23000.0,24000.0,23750.0,24750.0
2013-06-03,23000.0,24000.0,23000.0,24000.0,23750.0,24750.0
2013-05-31,23500.0,24500.0,23500.0,24500.0,24190.0,25190.0
2013-05-30,23500.0,24500.0,23500.0,24500.0,24190.0,25190.0
2013-05-29,23500.0,24500.0,23500.0,24500.0,24190.0,25190.0
2013-05-28,23500.0,24500.0,23500.0,24500.0,24190.0,25190.0
2013-05-24,23000.0,24000.0,23000.0,24000.0,23700.0,24700.0
2013-05-23,23500.0,24500.0,23500.0,24500.0,24200.0,25200.0
2013-05-22,23250.0,24250.0,23250.0,24250.0,23960.0,24960.0
2013-05-21,23250.0,24250.0,23250.0,24250.0,23970.0,24970.0
2013-05-20,23250.0,24250.0,23250.0,24250.0,23972.0,24972.0
2013-05-17,23250.0,24250.0,23250.0,24250.0,23980.0,24980.0
2013-05-16,23250.0,24250.0,23250.0,24250.0,23980.0,24980.0
2013-05-15,23250.0,24250.0,23250.0,24250.0,23980.0,24980.0
2013-05-14,24000.0,25000.0,24000.0,25000.0,24735.0,25735.0
2013-05-13,24000.0,25000.0,24000.0,25000.0,24750.0,25750.0
2013-05-10,24000.0,25000.0,24000.0,25000.0,24740.0,25740.0
2013-05-09,24000.0,25000.0,24000.0,25000.0,24740.0,25740.0
2013-05-08,24000.0,25000.0,24000.0,25000.0,24740.0,25740.0
2013-05-07,24000.0,25000.0,24000.0,25000.0,24750.0,25750.0
2013-05-03,24000.0,25000.0,24000.0,25000.0,24750.0,25750.0
2013-05-02,24000.0,25000.0,24000.0,25000.0,24750.0,25750.0
2013-05-01,24000.0,25000.0,24000.0,25000.0,24755.0,25755.0
2013-04-30,24000.0,25000.0,24000.0,25000.0,24700.0,25700.0
2013-04-29,23500.0,24500.0,23500.0,24500.0,24200.0,25200.0
2013-04-26,23500.0,24500.0,23500.0,24500.0,24200.0,25200.0
2013-04-25,23500.0,24500.0,23500.0,24500.0,24200.0,25200.0
2013-04-24,23500.0,24500.0,23500.0,24500.0,24210.0,25210.0
2013-04-23,23500.0,24500.0,23500.0,24500.0,24210.0,25210.0
2013-04-22,23500.0,24500.0,23500.0,24500.0,24210.0,25210.0
2013-04-19,23500.0,24500.0,23500.0,24500.0,24215.0,25215.0
2013-04-18,23500.0,24500.0,23500.0,24500.0,24200.0,25200.0
2013-04-17,23500.0,24500.0,23500.0,24500.0,24220.0,25220.0
2013-04-16,23500.0,24500.0,23500.0,24500.0,24220.0,25220.0
2013-04-15,23500.0,24500.0,23500.0,24500.0,24220.0,25220.0
2013-04-12,23500.0,24500.0,23500.0,24500.0,24230.0,25230.0
2013-04-11,23500.0,24500.0,23500.0,24500.0,24230.0,25230.0
2013-04-10,23500.0,24500.0,23500.0,24500.0,24230.0,25230.0
2013-04-09,23500.0,24500.0,23500.0,24500.0,24233.0,25233.0
2013-04-08,23500.0,24500.0,23500.0,24500.0,24235.0,25235.0
2013-04-05,23500.0,24500.0,23500.0,24500.0,24240.0,25240.0
2013-04-04,23500.0,24500.0,23500.0,24500.0,24240.0,25240.0
2013-04-03,23500.0,24500.0,23500.0,24500.0,24240.0,25240.0
2013-04-02,23500.0,24500.0,23500.0,24500.0,24240.0,25240.0
2013-03-28,23500.0,24500.0,23500.0,24500.0,24185.0,25185.0
2013-03-27,23800.0,24200.0,23800.0,24200.0,24185.0,25185.0
2013-03-26,23800.0,24200.0,23800.0,24200.0,24200.0,25200.0
2013-03-25,23800.0,24200.0,23800.0,24200.0,24202.0,25202.0
2013-03-22,23800.0,24200.0,23800.0,24200.0,24210.0,25210.0
2013-03-21,23800.0,24200.0,23800.0,24200.0,24210.0,25210.0
2013-03-20,23500.0,24500.0,23500.0,24500.0,24215.0,25215.0
2013-03-19,23800.0,24200.0,23800.0,24200.0,24220.0,25220.0
2013-03-18,23800.0,24200.0,23800.0,24200.0,24225.0,25225.0
2013-03-15,23800.0,24200.0,23800.0,24200.0,24230.0,25230.0
2013-03-14,23800.0,24200.0,23800.0,24200.0,24230.0,25230.0
2013-03-13,23800.0,24200.0,23800.0,24200.0,24230.0,25230.0
2013-03-12,23700.0,24200.0,23700.0,24200.0,24180.0,25180.0
2013-03-11,23700.0,24700.0,23700.0,24700.0,24430.0,25430.0
2013-03-08,23500.0,24500.0,23500.0,24500.0,24235.0,25235.0
2013-03-07,23700.0,24700.0,23700.0,24700.0,24435.0,25435.0
2013-03-06,23700.0,24700.0,23700.0,24700.0,24440.0,25440.0
2013-03-05,23700.0,24700.0,23700.0,24700.0,24440.0,25440.0
2013-03-04,23700.0,24700.0,23700.0,24700.0,24440.0,25440.0
2013-03-01,23700.0,24700.0,23700.0,24700.0,24445.0,25445.0
2013-02-28,23700.0,24700.0,23700.0,24700.0,24390.0,25390.0
2013-02-27,23700.0,24700.0,23700.0,24700.0,24390.0,25390.0
2013-02-26,23700.0,24700.0,23700.0,24700.0,24390.0,25390.0
2013-02-25,24000.0,25000.0,24000.0,25000.0,24702.0,25702.0
2013-02-22,24000.0,25000.0,24000.0,25000.0,24710.0,25710.0
2013-02-21,24000.0,25000.0,24000.0,25000.0,24710.0,25710.0
2013-02-20,24000.0,25000.0,24000.0,25000.0,24700.0,25700.0
2013-02-19,24000.0,25000.0,24000.0,25000.0,24712.0,25712.0
2013-02-18,23500.0,24500.0,23500.0,24500.0,24217.0,25217.0
2013-02-15,23500.0,24500.0,23500.0,24500.0,24220.0,25220.0
2013-02-14,23800.0,24800.0,23800.0,24800.0,24520.0,25520.0
2013-02-13,23800.0,24800.0,23800.0,24800.0,24520.0,25520.0
2013-02-12,24300.0,25300.0,24300.0,25300.0,25025.0,26025.0
2013-02-11,24300.0,25300.0,24300.0,25300.0,25025.0,26025.0
2013-02-08,24300.0,25300.0,24300.0,25300.0,25030.0,26030.0
2013-02-07,24300.0,25800.0,24300.0,25800.0,25280.0,26280.0
2013-02-06,24300.0,25300.0,24300.0,25300.0,25035.0,26035.0
2013-02-05,24300.0,25300.0,24300.0,25300.0,25034.0,26034.0
2013-02-04,24300.0,25300.0,24300.0,25300.0,25041.0,26041.0
2013-02-01,24300.0,25300.0,24300.0,25300.0,25045.0,26045.0
2013-01-31,24300.0,25300.0,24300.0,25300.0,24990.0,25990.0
2013-01-30,24300.0,25300.0,24300.0,25300.0,24990.0,25990.0
2013-01-29,24300.0,25300.0,24300.0,25300.0,24996.0,25996.0
2013-01-28,24500.0,25500.0,24500.0,25500.0,25196.0,26196.0
2013-01-25,24500.0,25500.0,24500.0,25500.0,25205.0,26205.0
2013-01-24,24500.0,25500.0,24500.0,25500.0,25210.0,26210.0
2013-01-23,25500.0,26500.0,25500.0,26500.0,26210.0,27210.0
2013-01-22,25500.0,26500.0,25500.0,26500.0,26210.0,27210.0
2013-01-21,25500.0,26500.0,25500.0,26500.0,26210.0,27210.0
2013-01-18,25500.0,26500.0,25500.0,26500.0,26220.0,27220.0
2013-01-17,25500.0,26500.0,25500.0,26500.0,26220.0,27220.0
2013-01-16,25500.0,26500.0,25500.0,26500.0,26220.0,27220.0
2013-01-15,25500.0,26500.0,25500.0,26500.0,26225.0,27225.0
2013-01-14,25500.0,26500.0,25500.0,26500.0,26225.0,27225.0
2013-01-11,25500.0,26500.0,25500.0,26500.0,26230.0,27230.0
2013-01-10,25500.0,26500.0,25500.0,26500.0,26230.0,27230.0
2013-01-09,25500.0,26500.0,25500.0,26500.0,26230.0,27230.0
2013-01-08,25500.0,26500.0,25500.0,26500.0,26235.0,27235.0
2013-01-07,25500.0,26500.0,25500.0,26500.0,26235.0,27235.0
2013-01-04,25000.0,26000.0,25000.0,26000.0,25740.0,26740.0
2013-01-03,25000.0,26000.0,25000.0,26000.0,25740.0,26740.0
2013-01-02,25000.0,26000.0,25000.0,26000.0,25750.0,26750.0
2012-12-31,25000.0,26000.0,25000.0,26000.0,25700.0,26700.0
2012-12-28,25000.0,26000.0,25000.0,26000.0,25715.0,26715.0
2012-12-27,25000.0,26000.0,25000.0,26000.0,25715.0,26715.0
2012-12-24,25000.0,26000.0,25000.0,26000.0,25720.0,26720.0
2012-12-21,25250.0,25750.0,25250.0,25750.0,25720.0,26720.0
2012-12-20,25250.0,25750.0,25250.0,25750.0,25720.0,26720.0
2012-12-19,25250.0,25750.0,25250.0,25750.0,25725.0,26725.0
2012-12-18,25250.0,25750.0,25250.0,25750.0,25725.0,26725.0
2012-12-17,25250.0,25750.0,25250.0,25750.0,25725.0,26725.0
2012-12-14,25000.0,25500.0,25000.0,25500.0,25485.0,26485.0
2012-12-13,24750.0,25250.0,24750.0,25250.0,25235.0,26235.0
2012-12-12,24750.0,25250.0,24750.0,25250.0,25235.0,26235.0
2012-12-11,24750.0,25250.0,24750.0,25250.0,25235.0,26235.0
2012-12-10,24750.0,25250.0,24750.0,25250.0,25235.0,26235.0
2012-12-07,24750.0,25250.0,24750.0,25250.0,25245.0,26245.0
2012-12-06,24000.0,25000.0,24000.0,25000.0,24750.0,25750.0
2012-12-05,24000.0,25000.0,24000.0,25000.0,24750.0,25750.0
2012-12-04,24000.0,25000.0,24000.0,25000.0,24750.0,25750.0
2012-12-03,24000.0,25000.0,24000.0,25000.0,24760.0,25760.0
2012-11-30,24000.0,25000.0,24000.0,25000.0,24705.0,25705.0
2012-11-29,24000.0,25000.0,24000.0,25000.0,24705.0,25705.0
2012-11-28,24000.0,25000.0,24000.0,25000.0,24705.0,25705.0
2012-11-27,24000.0,25000.0,24000.0,25000.0,24705.0,25705.0
2012-11-26,24000.0,25000.0,24000.0,25000.0,24720.0,25720.0
2012-11-23,24000.0,25000.0,24000.0,25000.0,24720.0,25720.0
2012-11-22,24000.0,25000.0,24000.0,25000.0,24720.0,25720.0
2012-11-21,24000.0,25000.0,24000.0,25000.0,24720.0,25720.0
2012-11-20,24000.0,25000.0,24000.0,25000.0,24720.0,25720.0
2012-11-19,24000.0,25000.0,24000.0,25000.0,24720.0,25720.0
2012-11-16,24000.0,25000.0,24000.0,25000.0,24720.0,25720.0
2012-11-15,24000.0,25000.0,24000.0,25000.0,24720.0,25720.0
2012-11-14,24000.0,25000.0,24000.0,25000.0,24720.0,25720.0
2012-11-13,23300.0,24500.0,23300.0,24500.0,24140.0,25140.0
2012-11-12,23300.0,24500.0,23300.0,24500.0,24145.0,25145.0
2012-11-09,24000.0,24500.0,24000.0,24500.0,24495.0,25495.0
2012-11-08,24000.0,24500.0,24000.0,24500.0,24495.0,25495.0
2012-11-07,24000.0,24500.0,24000.0,24500.0,24495.0,25495.0
2012-11-06,24000.0,24500.0,24000.0,24500.0,24500.0,25500.0
2012-11-05,24000.0,25000.0,24000.0,24500.0,24500.0,25500.0
2012-11-02,24000.0,24500.0,24000.0,24500.0,24500.0,25500.0
2012-11-01,24000.0,24500.0,24000.0,24500.0,24510.0,25510.0
2012-10-31,24000.0,24500.0,24000.0,24500.0,24450.0,25450.0
2012-10-30,24500.0,25000.0,24500.0,25000.0,24950.0,25950.0
2012-10-29,24000.0,24500.0,24000.0,24500.0,24615.0,25615.0
2012-10-26,24000.0,25000.0,24000.0,25000.0,24875.0,25875.0
2012-10-25,24150.0,25000.0,24150.0,25000.0,24950.0,25950.0
2012-10-24,24000.0,25000.0,24000.0,25000.0,24875.0,25875.0
2012-10-23,23500.0,24500.0,24100.0,25000.0,24925.0,25925.0
2012-10-22,23000.0,25000.0,23000.0,25000.0,24390.0,25390.0
2012-10-19,24000.0,24500.0,24150.0,25000.0,24975.0,25975.0
2012-10-18,23000.0,25000.0,23000.0,25000.0,24400.0,25400.0
2012-10-16,22500.0,23500.0,22500.0,23500.0,23400.0,24400.0
2012-10-15,24000.0,25000.0,24000.0,25000.0,24900.0,25900.0
2012-10-12,23000.0,23500.0,23000.0,23500.0,23660.0,24660.0
2012-10-11,23000.0,24000.0,23000.0,24000.0,23910.0,24910.0
2012-10-10,23000.0,24000.0,23000.0,24000.0,23915.0,24915.0
2012-10-08,22000.0,23000.0,22000.0,23000.0,22920.0,23920.0
2012-10-05,22500.0,23500.0,22500.0,23500.0,23425.0,24425.0
2012-10-04,22500.0,23500.0,22500.0,23500.0,23425.0,24425.0
2012-10-03,23000.0,24000.0,23000.0,24000.0,23925.0,24925.0
2012-10-02,23000.0,24000.0,23000.0,24000.0,23940.0,24940.0
2012-10-01,23100.0,24100.0,23100.0,24100.0,24040.0,25040.0
2012-09-28,24000.0,24500.0,24000.0,24500.0,24625.0,25625.0
2012-09-27,23000.0,24000.0,23000.0,24000.0,23875.0,24875.0
2012-09-26,23000.0,24000.0,23000.0,24000.0,23875.0,24875.0
2012-09-25,23000.0,24000.0,23000.0,24000.0,23900.0,24900.0
2012-09-24,23000.0,24000.0,23000.0,24000.0,23900.0,24900.0
2012-09-21,23000.0,24000.0,23000.0,24000.0,23900.0,24900.0
2012-09-20,23000.0,24000.0,23000.0,24000.0,23900.0,24900.0
2012-09-19,23000.0,24000.0,23000.0,24000.0,23900.0,24900.0
2012-09-18,23500.0,24500.0,23500.0,24500.0,24400.0,25400.0
2012-09-17,23500.0,24500.0,23500.0,24500.0,24400.0,25400.0
2012-09-14,23500.0,24500.0,23500.0,24500.0,24400.0,25400.0
2012-09-13,23500.0,24500.0,23500.0,24500.0,24400.0,25400.0
2012-09-12,23500.0,24500.0,23500.0,24500.0,24400.0,25400.0
2012-09-11,23000.0,24000.0,23000.0,24000.0,23900.0,24900.0
2012-09-10,23000.0,24000.0,23000.0,24000.0,23925.0,24925.0
2012-09-07,23000.0,24000.0,23000.0,24000.0,23925.0,24925.0
2012-09-06,23000.0,24000.0,23000.0,24000.0,23925.0,24925.0
2012-09-05,23000.0,24000.0,23000.0,24000.0,23925.0,24925.0
2012-09-04,24000.0,25000.0,24000.0,25000.0,24925.0,25925.0
2012-09-03,24000.0,25000.0,24000.0,25000.0,24950.0,25950.0
2012-08-31,26000.0,27000.0,26000.0,27000.0,26875.0,27875.0
2012-08-30,26000.0,27000.0,26000.0,27000.0,26875.0,27875.0
2012-08-29,26000.0,27000.0,26000.0,27000.0,26875.0,27875.0
2012-08-28,25500.0,26500.0,25500.0,26500.0,26375.0,27375.0
2012-08-24,25500.0,26500.0,25500.0,26500.0,26375.0,27375.0
2012-08-23,24000.0,25000.0,24000.0,25000.0,25175.0,26175.0
2012-08-22,24000.0,24500.0,24000.0,24500.0,24925.0,25925.0
2012-08-21,23500.0,24500.0,23500.0,24500.0,24700.0,25700.0
2012-08-20,23500.0,24500.0,23500.0,24500.0,24700.0,25700.0
2012-08-17,23500.0,24500.0,23500.0,24500.0,24700.0,25700.0
2012-08-16,24000.0,24900.0,24000.0,24900.0,25150.0,26150.0
2012-08-15,24000.0,24900.0,24000.0,24900.0,25150.0,26150.0
2012-08-14,25000.0,26000.0,25000.0,26000.0,26225.0,27225.0
2012-08-13,25000.0,26000.0,25000.0,26000.0,26235.0,27235.0
2012-08-10,25000.0,26000.0,25000.0,26000.0,26250.0,27250.0
2012-08-09,25000.0,26000.0,25000.0,26000.0,26250.0,27250.0
2012-07-31,25000.0,26000.0,25000.0,26000.0,26160.0,27160.0
2012-07-30,25000.0,26000.0,25000.0,26000.0,26165.0,27165.0
2012-07-27,25000.0,26000.0,25000.0,26000.0,26175.0,27175.0
2012-07-26,26000.0,28000.0,26000.0,28000.0,27675.0,28675.0
2012-07-25,26000.0,28000.0,26000.0,28000.0,27675.0,28675.0
2012-07-24,26000.0,28000.0,26000.0,28000.0,27700.0,28700.0
2012-07-23,26000.0,28000.0,26000.0,28000.0,27700.0,28700.0
2012-07-20,26000.0,28000.0,26000.0,28000.0,27700.0,28700.0
2012-07-19,26000.0,28000.0,26000.0,28000.0,27700.0,28700.0
2012-07-18,26000.0,28000.0,26000.0,28000.0,27700.0,28700.0
2012-07-17,26000.0,28000.0,26000.0,28000.0,27700.0,28700.0
2012-07-16,26000.0,28000.0,26000.0,28000.0,27700.0,28700.0
2012-07-13,26000.0,28000.0,26000.0,28000.0,27700.0,28700.0
2012-07-12,26000.0,28000.0,26000.0,28000.0,27700.0,28700.0
2012-07-11,26000.0,28000.0,26000.0,28000.0,27700.0,28700.0
2012-07-10,27300.0,28300.0,27300.0,28300.0,28500.0,29500.0
2012-07-09,27300.0,28300.0,27300.0,28300.0,28525.0,29525.0
2012-07-06,27300.0,28300.0,27300.0,28300.0,28525.0,29525.0
2012-07-05,27000.0,29000.0,27000.0,29000.0,28725.0,29725.0
2012-07-04,27500.0,28500.0,27500.0,28500.0,28725.0,29725.0
2012-07-03,27500.0,28500.0,27500.0,28500.0,28750.0,29750.0
2012-07-02,27700.0,28700.0,27700.0,28700.0,28900.0,29900.0
2012-06-29,27700.0,28700.0,27700.0,28700.0,28850.0,29850.0
2012-06-28,27700.0,28700.0,27700.0,28700.0,28850.0,29850.0
2012-06-27,27700.0,28700.0,27700.0,28700.0,28850.0,29850.0
2012-06-26,27700.0,28700.0,27700.0,28700.0,28875.0,29875.0
2012-06-25,28000.0,29000.0,28000.0,29000.0,29200.0,30200.0
2012-06-22,28000.0,29000.0,28000.0,29000.0,29200.0,30200.0
2012-06-21,28750.0,29750.0,28750.0,29750.0,29950.0,30950.0
2012-06-20,28000.0,29000.0,28000.0,29000.0,29200.0,30200.0
2012-06-19,28500.0,29500.0,28500.0,29500.0,29700.0,30700.0
2012-06-18,28700.0,29700.0,28700.0,29700.0,29900.0,30900.0
2012-06-15,28700.0,29700.0,28700.0,29700.0,29900.0,30900.0
2012-06-14,28850.0,29850.0,28850.0,29850.0,30050.0,31050.0
2012-06-13,29000.0,30000.0,29000.0,30000.0,30225.0,31225.0
2012-06-12,29000.0,30000.0,29000.0,30000.0,30215.0,31215.0
2012-06-11,29000.0,30000.0,29000.0,30000.0,30200.0,31200.0
2012-06-08,29000.0,30000.0,29000.0,30000.0,30225.0,31225.0
2012-06-07,29000.0,30000.0,29000.0,30000.0,30225.0,31225.0
2012-06-06,29200.0,29800.0,29200.0,29800.0,30250.0,31250.0
2012-06-01,29200.0,29800.0,29200.0,29800.0,30275.0,31275.0
2012-05-31,29200.0,29900.0,29200.0,29900.0,30225.0,31225.0
2012-05-30,29200.0,30000.0,29200.0,30000.0,30275.0,31275.0
2012-05-29,29000.0,30000.0,29000.0,30000.0,30175.0,31175.0
2012-05-28,29000.0,30000.0,29000.0,30000.0,30175.0,31175.0
2012-05-25,29000.0,30000.0,29000.0,30000.0,30175.0,31175.0
2012-05-24,29750.0,30350.0,29750.0,30350.0,30725.0,31725.0
2012-05-23,29750.0,30350.0,29750.0,30350.0,30750.0,31750.0
2012-05-22,29500.0,30500.0,29500.0,30500.0,30700.0,31700.0
2012-05-21,29500.0,30500.0,29500.0,30500.0,30700.0,31700.0
2012-05-18,29500.0,30500.0,29500.0,30500.0,30700.0,31700.0
2012-05-17,29500.0,30500.0,29500.0,30500.0,30700.0,31700.0
2012-05-16,29500.0,30500.0,29500.0,30500.0,30700.0,31700.0
2012-05-15,30000.0,31000.0,30000.0,31000.0,31200.0,32200.0
2012-05-14,30000.0,31000.0,30000.0,31000.0,31200.0,32200.0
2012-05-11,30000.0,31000.0,30000.0,31000.0,31200.0,32200.0
2012-05-10,30000.0,31000.0,30000.0,31000.0,31200.0,32200.0
2012-05-09,30000.0,31000.0,30000.0,31000.0,31200.0,32200.0
2012-05-08,30000.0,31000.0,30000.0,31000.0,31200.0,32200.0
2012-05-04,30000.0,31500.0,30000.0,31500.0,31475.0,32475.0
2012-05-03,30000.0,31500.0,30000.0,31500.0,31475.0,32475.0
2012-05-02,30000.0,31500.0,30000.0,31500.0,31475.0,32475.0
2012-05-01,30000.0,31500.0,30000.0,31500.0,31475.0,32475.0
2012-04-30,30000.0,31500.0,30000.0,31500.0,31400.0,32400.0
2012-04-27,30000.0,31500.0,30000.0,31500.0,31400.0,32400.0
2012-04-26,30000.0,31500.0,30000.0,31500.0,31400.0,32400.0
2012-04-25,30000.0,31500.0,30000.0,31500.0,31400.0,32400.0
2012-04-24,30500.0,31500.0,30500.0,31500.0,31650.0,32650.0
2012-04-23,30500.0,31750.0,30500.0,31750.0,31775.0,32775.0
2012-04-20,30500.0,31500.0,30500.0,31500.0,31650.0,32650.0
2012-04-19,30500.0,32000.0,30500.0,32000.0,31945.0,32945.0
2012-04-18,30500.0,32000.0,30500.0,32000.0,31950.0,32950.0
2012-04-17,30500.0,32000.0,30500.0,32000.0,31950.0,32950.0
2012-04-16,30500.0,32000.0,30500.0,32000.0,31955.0,32955.0
2012-04-13,31000.0,32000.0,31000.0,32000.0,32200.0,33200.0
2012-04-12,31000.0,32000.0,31000.0,32000.0,32215.0,33215.0
2012-04-11,31000.0,32000.0,31000.0,32000.0,32220.0,33220.0
2012-04-10,32500.0,33500.0,32500.0,33500.0,33700.0,34700.0
2012-04-05,30000.0,31000.0,30000.0,31000.0,31235.0,32235.0
2012-04-04,30000.0,31000.0,30000.0,31000.0,31235.0,32235.0
2012-04-03,30000.0,31000.0,30000.0,31000.0,31235.0,32235.0
2012-04-02,30000.0,31000.0,30000.0,31000.0,31240.0,32240.0
2012-03-30,30000.0,31000.0,30000.0,31000.0,31150.0,32150.0
2012-03-29,30000.0,31000.0,30000.0,31000.0,31150.0,32150.0
2012-03-28,30000.0,31000.0,30000.0,31000.0,31155.0,32155.0
2012-03-27,30000.0,31000.0,30000.0,31000.0,31160.0,32160.0
2012-03-26,30000.0,31000.0,30000.0,31000.0,31160.0,32160.0
2012-03-23,30000.0,31000.0,30000.0,31000.0,31175.0,32175.0
2012-03-22,30000.0,31000.0,30000.0,31000.0,31175.0,32175.0
2012-03-21,31000.0,32000.0,31000.0,32000.0,32195.0,33195.0
2012-03-20,31000.0,32000.0,31000.0,32000.0,32200.0,33200.0
2012-03-19,31000.0,32000.0,31000.0,32000.0,32200.0,33200.0
2012-03-16,31000.0,32000.0,31000.0,32000.0,32200.0,33200.0
2012-03-15,31000.0,32000.0,31000.0,32000.0,32200.0,33200.0
2012-03-14,31000.0,32000.0,31000.0,32000.0,32200.0,33200.0
2012-03-13,30000.0,31000.0,30000.0,31000.0,31225.0,32225.0
2012-03-12,31000.0,32000.0,31000.0,32000.0,32225.0,33225.0
2012-03-09,31000.0,32000.0,31000.0,32000.0,32225.0,33225.0
2012-03-08,31000.0,32000.0,31000.0,32000.0,32246.0,33246.0
2012-03-07,31000.0,32000.0,31000.0,32000.0,32250.0,33250.0
2012-03-06,31000.0,32000.0,31000.0,32000.0,32250.0,33250.0
2012-03-05,31000.0,32000.0,31000.0,32000.0,32240.0,33240.0
2012-03-02,31000.0,32000.0,31000.0,32000.0,32250.0,33250.0
2012-03-01,31500.0,32500.0,31500.0,32500.0,32750.0,33750.0
2012-02-29,31500.0,32500.0,31500.0,32500.0,32675.0,33675.0
2012-02-28,31500.0,32500.0,31500.0,32500.0,32675.0,33675.0
2012-02-27,31500.0,32000.0,31500.0,32000.0,32425.0,33425.0
2012-02-24,32000.0,32500.0,32000.0,32500.0,32950.0,33950.0
2012-02-23,32000.0,33000.0,32000.0,33000.0,33200.0,34200.0
2012-02-22,32000.0,33000.0,32000.0,33000.0,33200.0,34200.0
2012-02-21,31000.0,32000.0,31000.0,32000.0,32200.0,33200.0
2012-02-20,31000.0,32000.0,31000.0,32000.0,32200.0,33200.0
2012-02-17,31000.0,32000.0,31000.0,32000.0,32200.0,33200.0
2012-02-16,32500.0,33500.0,32500.0,33500.0,33700.0,34700.0
2012-02-15,32500.0,33500.0,32500.0,33500.0,33700.0,34700.0
2012-02-14,31500.0,32500.0,31500.0,32500.0,32700.0,33700.0
2012-02-13,31500.0,32500.0,31500.0,32500.0,32700.0,33700.0
2012-02-10,31500.0,32500.0,31500.0,32500.0,32725.0,33725.0
2012-02-09,31500.0,32500.0,31500.0,32500.0,32725.0,33725.0
2012-02-08,31600.0,32600.0,31600.0,32600.0,32825.0,33825.0
2012-02-07,31600.0,32600.0,31600.0,32600.0,32825.0,33825.0
2012-02-06,30500.0,31500.0,30500.0,31500.0,31725.0,32725.0
2012-02-03,30500.0,31500.0,30500.0,31500.0,31750.0,32750.0
2012-02-02,30500.0,31500.0,30500.0,31500.0,31750.0,32750.0
2012-02-01,30500.0,31500.0,30500.0,31500.0,31750.0,32750.0
2012-01-31,30500.0,31500.0,30500.0,31500.0,31650.0,32650.0
2012-01-30,30500.0,31500.0,30500.0,31500.0,31660.0,32660.0
2012-01-27,30500.0,31500.0,30500.0,31500.0,31675.0,32675.0
2012-01-26,30500.0,31500.0,30500.0,31500.0,31675.0,32675.0
2012-01-25,30500.0,31500.0,30500.0,31500.0,31675.0,32675.0
2012-01-24,30500.0,31500.0,30500.0,31500.0,31675.0,32675.0
2012-01-23,30500.0,31500.0,30500.0,31500.0,31675.0,32675.0
2012-01-20,30500.0,31500.0,30500.0,31500.0,31670.0,32670.0
2012-01-19,29500.0,30500.0,29500.0,30500.0,30675.0,31675.0
2012-01-18,29500.0,31500.0,29500.0,31500.0,30700.0,32700.0
2012-01-17,30000.0,31000.0,30000.0,31000.0,31200.0,32200.0
2012-01-16,30750.0,31750.0,30750.0,31750.0,31950.0,32950.0
2012-01-13,29500.0,30500.0,29500.0,30500.0,30700.0,31700.0
2012-01-12,29750.0,30750.0,29750.0,30750.0,30950.0,31950.0
2012-01-11,29750.0,30750.0,29750.0,30750.0,30975.0,31975.0
2012-01-10,29750.0,30750.0,29750.0,30750.0,30975.0,31975.0
2012-01-09,29750.0,30750.0,29750.0,30750.0,30975.0,31975.0
2012-01-06,29800.0,30800.0,29800.0,30800.0,31025.0,32025.0
2012-01-05,29750.0,30750.0,29750.0,30750.0,30995.0,31995.0
2012-01-04,29000.0,30000.0,29000.0,30000.0,30250.0,31250.0
2012-01-03,28000.0,30000.0,28000.0,30000.0,29750.0,30750.0
