Date,Cash Buyer,Cash Seller & Settlement,3-months Buyer,3-months Seller,15-months Buyer,15-months Seller,Dec 1 Buyer,Dec 1 Seller,Dec 2 Buyer,Dec 2 Seller,Dec 3 Buyer,Dec 3 Seller
2018-04-09,1840.0,1850.0,1850.0,1860.0,,,1850.0,1860.0,,,,
2018-04-06,1790.0,1800.0,1800.0,1810.0,,,1800.0,1810.0,,,,
2018-04-05,1760.0,1770.0,1800.0,1810.0,,,1800.0,1810.0,,,,
2018-04-04,1804.0,1806.0,1810.0,1820.0,,,1810.0,1820.0,,,,
2018-04-03,1800.0,1810.0,1810.0,1820.0,,,1810.0,1820.0,,,,
2018-03-29,1810.0,1820.0,1810.0,1820.0,,,1810.0,1820.0,,,,
2018-03-28,1800.0,1810.0,1810.0,1820.0,,,1810.0,1820.0,,,,
2018-03-27,1789.0,1791.0,1800.0,1810.0,,,1800.0,1810.0,,,,
2018-03-26,1765.0,1775.0,1780.0,1790.0,,,1780.0,1790.0,,,,
2018-03-23,1810.0,1820.0,1825.0,1835.0,,,1825.0,1835.0,,,,
2018-03-22,1835.0,1845.0,1850.0,1860.0,,,1850.0,1860.0,,,,
2018-03-21,1840.0,1850.0,1850.0,1860.0,,,1850.0,1860.0,,,,
2018-03-20,1840.0,1850.0,1850.0,1860.0,,,1850.0,1860.0,,,,
2018-03-19,1840.0,1850.0,1850.0,1860.0,,,1850.0,1860.0,,,,
2018-03-16,1840.0,1850.0,1850.0,1860.0,,,1850.0,1860.0,,,,
2018-03-15,1840.0,1850.0,1850.0,1860.0,,,1850.0,1860.0,,,,
2018-03-14,1840.0,1850.0,1850.0,1860.0,,,1850.0,1860.0,,,,
2018-03-13,1830.0,1840.0,1840.0,1850.0,,,1840.0,1850.0,,,,
2018-03-12,1845.0,1855.0,1855.0,1865.0,,,1855.0,1865.0,,,,
2018-03-09,1845.0,1855.0,1855.0,1865.0,,,1855.0,1865.0,,,,
2018-03-08,1845.0,1855.0,1855.0,1865.0,,,1855.0,1865.0,,,,
2018-03-07,1855.0,1860.0,1855.0,1865.0,,,1855.0,1865.0,,,,
2018-03-06,1850.0,1860.0,1860.0,1870.0,,,1860.0,1870.0,,,,
2018-03-05,1870.0,1880.0,1880.0,1890.0,,,1880.0,1890.0,,,,
2018-03-02,1825.0,1825.5,1860.0,1865.0,,,1860.0,1870.0,,,,
2018-03-01,1855.0,1865.0,1865.0,1875.0,,,1865.0,1875.0,,,,
2018-02-28,1820.0,1830.0,1830.0,1840.0,,,1830.0,1840.0,,,,
2018-02-27,1845.0,1855.0,1855.0,1865.0,,,1855.0,1865.0,,,,
2018-02-26,1845.0,1855.0,1855.0,1865.0,,,1855.0,1865.0,,,,
2018-02-23,1845.0,1855.0,1855.0,1865.0,,,1855.0,1865.0,,,,
2018-02-22,1845.0,1855.0,1855.0,1865.0,,,1855.0,1865.0,,,,
2018-02-21,1864.0,1866.0,1855.0,1860.0,,,1855.0,1865.0,,,,
2018-02-20,1830.0,1840.0,1840.0,1850.0,,,1840.0,1850.0,,,,
2018-02-19,1830.0,1840.0,1840.0,1850.0,,,1845.0,1855.0,,,,
2018-02-16,1785.0,1795.0,1815.0,1825.0,,,1820.0,1830.0,,,,
2018-02-15,1770.0,1780.0,1780.0,1790.0,,,1785.0,1795.0,,,,
2018-02-14,1770.0,1771.0,1800.0,1805.0,,,1800.0,1810.0,,,,
2018-02-13,1790.0,1800.0,1800.0,1810.0,,,1805.0,1815.0,,,,
2018-02-12,1770.0,1780.0,1780.0,1790.0,,,1785.0,1795.0,,,,
2018-02-09,1785.0,1795.0,1820.0,1830.0,,,1825.0,1835.0,,,,
2018-02-08,1825.0,1835.0,1835.0,1845.0,,,1840.0,1850.0,,,,
2018-02-07,1835.0,1845.0,1855.0,1865.0,,,1860.0,1870.0,,,,
2018-02-06,1825.0,1835.0,1835.0,1845.0,,,1840.0,1850.0,,,,
2018-02-05,1815.0,1825.0,1825.0,1835.0,,,1830.0,1840.0,,,,
2018-02-02,1870.0,1880.0,1880.0,1890.0,,,1885.0,1895.0,,,,
2018-02-01,1860.0,1860.5,1870.0,1875.0,,,1875.0,1885.0,,,,
2018-01-31,1895.0,1905.0,1880.0,1890.0,,,1885.0,1895.0,,,,
2018-01-30,1950.0,1960.0,1965.0,1975.0,,,1970.0,1980.0,,,,
2018-01-29,1850.0,1860.0,1865.0,1875.0,,,1870.0,1880.0,,,,
2018-01-26,1815.0,1825.0,1830.0,1840.0,,,1835.0,1845.0,,,,
2018-01-25,1815.0,1825.0,1830.0,1840.0,,,1835.0,1845.0,,,,
2018-01-24,1810.0,1820.0,1825.0,1835.0,,,1830.0,1840.0,,,,
2018-01-23,1800.0,1810.0,1815.0,1825.0,,,1820.0,1830.0,,,,
2018-01-22,1805.0,1815.0,1820.0,1830.0,,,1825.0,1835.0,,,,
2018-01-19,1830.0,1840.0,1845.0,1855.0,,,1850.0,1860.0,,,,
2018-01-18,1820.0,1830.0,1835.0,1845.0,,,1840.0,1850.0,,,,
2018-01-17,1810.0,1820.0,1825.0,1835.0,,,1830.0,1840.0,,,,
2018-01-16,1765.0,1775.0,1780.0,1790.0,,,1785.0,1795.0,,,,
2018-01-15,1775.0,1785.0,1790.0,1800.0,,,1795.0,1805.0,,,,
2018-01-12,1775.0,1785.0,1790.0,1800.0,,,1795.0,1805.0,,,,
2018-01-11,1785.0,1795.0,1800.0,1810.0,,,1805.0,1815.0,,,,
2018-01-10,1795.0,1805.0,1810.0,1820.0,,,1820.0,1830.0,,,,
2018-01-09,1800.0,1810.0,1815.0,1825.0,,,1825.0,1835.0,,,,
2018-01-08,1800.0,1810.0,1815.0,1825.0,,,1825.0,1835.0,,,,
2018-01-05,1800.0,1810.0,1815.0,1825.0,,,1830.0,1840.0,,,,
2018-01-04,1800.0,1810.0,1815.0,1825.0,,,1825.0,1835.0,,,,
2018-01-03,1800.0,1810.0,1815.0,1825.0,,,1825.0,1835.0,,,,
2018-01-02,1800.0,1810.0,1815.0,1825.0,,,1825.0,1835.0,,,,
2017-12-29,1825.0,1835.0,1840.0,1850.0,,,1850.0,1860.0,,,,
2017-12-28,1835.0,1845.0,1850.0,1860.0,,,1860.0,1870.0,,,,
2017-12-27,1815.0,1825.0,1830.0,1840.0,,,1840.0,1850.0,,,,
2017-12-22,1815.0,1825.0,1830.0,1840.0,,,1840.0,1850.0,,,,
2017-12-21,1825.0,1835.0,1840.0,1850.0,,,1850.0,1860.0,,,,
2017-12-20,1780.0,1790.0,1795.0,1805.0,,,1805.0,1815.0,,,,
2017-12-19,1780.0,1790.0,1795.0,1805.0,,,1805.0,1815.0,,,,
2017-12-18,1780.0,1790.0,1795.0,1805.0,,,1805.0,1815.0,,,,
2017-12-15,1785.0,1795.0,1800.0,1810.0,,,1810.0,1820.0,,,,
2017-12-14,1780.0,1790.0,1795.0,1805.0,,,1805.0,1815.0,,,,
2017-12-13,1780.0,1790.0,1795.0,1805.0,,,1805.0,1815.0,,,,
2017-12-12,1780.0,1790.0,1795.0,1805.0,,,1805.0,1815.0,,,,
2017-12-08,1785.0,1795.0,1800.0,1810.0,,,1810.0,1820.0,,,,
2017-12-07,1785.0,1795.0,1800.0,1810.0,,,1810.0,1820.0,,,,
2017-12-06,1785.0,1795.0,1800.0,1810.0,,,1815.0,1825.0,,,,
2017-12-05,1790.0,1800.0,1805.0,1815.0,,,1820.0,1830.0,,,,
2017-12-04,1790.0,1800.0,1805.0,1815.0,,,1820.0,1830.0,,,,
2017-12-01,1855.0,1865.0,1870.0,1880.0,,,1885.0,1895.0,,,,
2017-11-30,1855.0,1865.0,1870.0,1880.0,,,1880.0,1890.0,,,,
2017-11-29,1855.0,1865.0,1870.0,1880.0,,,1880.0,1890.0,,,,
2017-11-28,1855.0,1865.0,1870.0,1880.0,,,1880.0,1890.0,,,,
2017-11-27,1815.0,1825.0,1830.0,1840.0,,,1835.0,1845.0,,,,
2017-11-24,1815.0,1825.0,1830.0,1840.0,,,1835.0,1845.0,,,,
2017-11-23,1830.0,1840.0,1849.5,1850.5,,,1850.0,1860.0,,,,
2017-11-22,1830.0,1840.0,1845.0,1855.0,,,1850.0,1860.0,,,,
2017-11-21,1835.0,1845.0,1850.0,1860.0,,,1855.0,1865.0,,,,
2017-11-20,1835.0,1845.0,1850.0,1860.0,,,1855.0,1865.0,,,,
2017-11-17,1840.0,1850.0,1855.0,1865.0,,,1860.0,1870.0,,,,
2017-11-16,1840.0,1850.0,1855.0,1865.0,,,1860.0,1870.0,,,,
2017-11-15,1840.0,1850.0,1855.0,1865.0,,,1860.0,1870.0,,,,
2017-11-14,1840.0,1850.0,1855.0,1865.0,,,1860.0,1870.0,,,,
2017-11-13,1840.0,1850.0,1855.0,1865.0,,,1860.0,1870.0,,,,
2017-11-10,1845.0,1855.0,1860.0,1870.0,,,1870.0,1880.0,,,,
2017-11-09,1845.0,1855.0,1860.0,1870.0,,,1870.0,1880.0,,,,
2017-11-08,1845.0,1855.0,1860.0,1870.0,,,1870.0,1880.0,,,,
2017-11-07,1845.0,1855.0,1860.0,1870.0,,,1870.0,1880.0,,,,
2017-11-06,1845.0,1855.0,1860.0,1870.0,,,1870.0,1880.0,,,,
2017-11-03,1840.0,1850.0,1855.0,1865.0,,,1865.0,1875.0,,,,
2017-11-02,1840.0,1850.0,1855.0,1865.0,,,1865.0,1875.0,,,,
2017-11-01,1845.0,1855.0,1860.0,1870.0,,,1870.0,1880.0,,,,
2017-10-31,1845.0,1855.0,1860.0,1870.0,,,1870.0,1880.0,,,,
2017-10-30,1910.0,1920.0,1925.0,1935.0,,,1935.0,1945.0,,,,
2017-10-27,1815.0,1825.0,1830.0,1840.0,,,1840.0,1850.0,,,,
2017-10-26,1815.0,1825.0,1830.0,1840.0,,,1840.0,1850.0,,,,
2017-10-25,1815.0,1825.0,1830.0,1840.0,,,1840.0,1850.0,,,,
2017-10-24,1815.0,1825.0,1830.0,1840.0,,,1840.0,1850.0,,,,
2017-10-23,1815.0,1825.0,1830.0,1840.0,,,1840.0,1850.0,,,,
2017-10-20,1815.0,1825.0,1830.0,1840.0,,,1840.0,1850.0,,,,
2017-10-19,1815.0,1825.0,1830.0,1840.0,,,1840.0,1850.0,,,,
2017-10-18,1815.0,1825.0,1830.0,1840.0,,,1840.0,1850.0,,,,
2017-10-17,1815.0,1825.0,1830.0,1840.0,,,1840.0,1850.0,,,,
2017-10-16,1820.0,1830.0,1835.0,1845.0,,,1845.0,1855.0,,,,
2017-10-13,1825.0,1835.0,1840.0,1850.0,,,1850.0,1860.0,,,,
2017-10-12,1825.0,1835.0,1840.0,1850.0,,,1850.0,1860.0,,,,
2017-10-11,1815.0,1825.0,1830.0,1840.0,,,1840.0,1850.0,,,,
2017-10-10,1820.0,1830.0,1835.0,1845.0,,,1845.0,1855.0,,,,
2017-10-09,1810.0,1820.0,1820.0,1830.0,,,1830.0,1840.0,,,,
2017-10-06,1820.0,1830.0,1830.0,1840.0,,,1840.0,1850.0,,,,
2017-10-05,1805.0,1815.0,1815.0,1825.0,,,1825.0,1835.0,,,,
2017-10-04,1770.0,1780.0,1780.0,1790.0,,,1790.0,1800.0,,,,
2017-10-03,1770.0,1780.0,1780.0,1790.0,,,1790.0,1800.0,,,,
2017-10-02,1770.0,1780.0,1780.0,1790.0,,,1790.0,1800.0,,,,
2017-09-29,1770.0,1780.0,1780.0,1790.0,,,,,,,,
2017-09-28,1770.0,1780.0,1780.0,1790.0,,,,,,,,
2017-09-27,1770.0,1780.0,1780.0,1790.0,,,,,,,,
2017-09-26,1770.0,1780.0,1780.0,1790.0,,,,,,,,
2017-09-25,1770.0,1780.0,1780.0,1790.0,,,,,,,,
2017-09-22,1765.0,1775.0,1775.0,1785.0,,,,,,,,
2017-09-21,1765.0,1775.0,1775.0,1785.0,,,,,,,,
2017-09-20,1750.0,1760.0,1760.0,1770.0,,,,,,,,
2017-09-19,1720.0,1725.0,1760.0,1770.0,,,,,,,,
2017-09-18,1750.0,1760.0,1760.0,1770.0,,,,,,,,
2017-09-15,1750.0,1760.0,1760.0,1770.0,,,,,,,,
2017-09-14,1740.0,1750.0,1750.0,1760.0,,,,,,,,
2017-09-13,1700.0,1701.0,1725.0,1730.0,,,,,,,,
2017-09-12,1705.0,1715.0,1725.0,1735.0,,,,,,,,
2017-09-11,1745.0,1755.0,1755.0,1765.0,,,,,,,,
2017-09-08,1725.0,1735.0,1735.0,1745.0,,,,,,,,
2017-09-07,1740.0,1740.5,1755.0,1760.0,,,,,,,,
2017-09-06,1780.0,1790.0,1790.0,1800.0,,,,,,,,
2017-09-05,1780.0,1785.0,1790.0,1800.0,,,,,,,,
2017-09-04,1780.0,1780.5,1790.0,1795.0,,,,,,,,
2017-09-01,1800.0,1805.0,1810.0,1820.0,,,1810.0,1820.0,,,,
2017-08-31,1800.0,1810.0,1810.0,1820.0,,,1810.0,1820.0,,,,
2017-08-30,1790.0,1800.0,1800.0,1810.0,,,1800.0,1810.0,,,,
2017-08-29,1790.0,1800.0,1800.0,1810.0,,,1800.0,1810.0,,,,
2017-08-25,1790.0,1800.0,1800.0,1810.0,,,1800.0,1810.0,,,,
2017-08-24,1775.0,1785.0,1785.0,1795.0,,,1785.0,1795.0,,,,
2017-08-23,1775.0,1785.0,1785.0,1795.0,,,1785.0,1795.0,,,,
2017-08-22,1775.0,1785.0,1785.0,1795.0,,,1790.0,1800.0,,,,
2017-08-21,1775.0,1785.0,1785.0,1795.0,,,1790.0,1800.0,,,,
2017-08-18,1775.0,1785.0,1785.0,1795.0,,,1790.0,1800.0,,,,
2017-08-17,1775.0,1785.0,1785.0,1795.0,,,1790.0,1800.0,,,,
2017-08-16,1730.0,1740.0,1745.0,1755.0,,,1750.0,1760.0,,,,
2017-08-15,1710.0,1720.0,1720.0,1730.0,,,1725.0,1735.0,,,,
2017-08-14,1710.0,1720.0,1720.0,1730.0,,,1725.0,1735.0,,,,
2017-08-11,1710.0,1720.0,1720.0,1730.0,,,1725.0,1735.0,,,,
2017-08-10,1710.0,1720.0,1720.0,1730.0,,,1725.0,1735.0,,,,
2017-08-09,1710.0,1720.0,1720.0,1730.0,,,1725.0,1735.0,,,,
2017-08-08,1680.0,1690.0,1690.0,1700.0,,,1695.0,1705.0,,,,
2017-08-07,1680.0,1690.0,1690.0,1700.0,,,1695.0,1705.0,,,,
2017-08-04,1680.0,1690.0,1690.0,1700.0,,,1695.0,1705.0,,,,
2017-08-03,1620.0,1630.0,1635.0,1645.0,,,1640.0,1650.0,,,,
2017-08-02,1620.0,1630.0,1635.0,1645.0,,,1640.0,1650.0,,,,
2017-08-01,1620.0,1630.0,1635.0,1645.0,,,1640.0,1650.0,,,,
2017-07-31,1620.0,1630.0,1635.0,1645.0,,,1640.0,1650.0,,,,
2017-07-28,1620.0,1630.0,1635.0,1645.0,,,1640.0,1650.0,,,,
2017-07-27,1620.0,1630.0,1635.0,1645.0,,,1640.0,1650.0,,,,
2017-07-26,1610.0,1620.0,1625.0,1635.0,,,1630.0,1640.0,,,,
2017-07-25,1610.0,1620.0,1625.0,1635.0,,,1630.0,1640.0,,,,
2017-07-24,1610.0,1620.0,1625.0,1635.0,,,1630.0,1640.0,,,,
2017-07-21,1610.0,1620.0,1625.0,1635.0,,,1630.0,1640.0,,,,
2017-07-20,1605.0,1615.0,1615.0,1625.0,,,1620.0,1630.0,,,,
2017-07-19,1620.0,1630.0,1630.0,1640.0,,,1635.0,1645.0,,,,
2017-07-18,1620.0,1630.0,1630.0,1640.0,,,1635.0,1645.0,,,,
2017-07-17,1625.0,1635.0,1635.0,1645.0,,,1640.0,1650.0,,,,
2017-07-14,1640.0,1650.0,1650.0,1660.0,,,1655.0,1665.0,,,,
2017-07-13,1630.0,1640.0,1640.0,1650.0,,,1645.0,1655.0,,,,
2017-07-12,1625.0,1635.0,1635.0,1645.0,,,1640.0,1650.0,,,,
2017-07-11,1630.0,1640.0,1640.0,1650.0,,,1645.0,1655.0,,,,
2017-07-10,1635.0,1645.0,1645.0,1655.0,,,1650.0,1660.0,,,,
2017-07-07,1650.0,1660.0,1660.0,1670.0,,,1670.0,1680.0,,,,
2017-07-06,1635.0,1645.0,1645.0,1655.0,,,1655.0,1665.0,,,,
2017-07-05,1645.0,1655.0,1655.0,1665.0,,,1665.0,1675.0,,,,
2017-07-04,1625.0,1635.0,1635.0,1645.0,,,1645.0,1655.0,,,,
2017-07-03,1620.0,1630.0,1630.0,1640.0,,,1640.0,1650.0,,,,
2017-06-30,1600.0,1610.0,1610.0,1620.0,,,1620.0,1630.0,,,,
2017-06-29,1615.0,1625.0,1625.0,1635.0,,,1635.0,1645.0,,,,
2017-06-28,1600.0,1610.0,1610.0,1620.0,,,1620.0,1630.0,,,,
2017-06-27,1585.0,1595.0,1595.0,1605.0,,,1605.0,1615.0,,,,
2017-06-26,1590.0,1600.0,1600.0,1610.0,,,1610.0,1620.0,,,,
2017-06-23,1590.0,1600.0,1600.0,1610.0,,,1610.0,1620.0,,,,
2017-06-22,1590.0,1600.0,1600.0,1610.0,,,1610.0,1620.0,,,,
2017-06-21,1590.0,1600.0,1600.0,1610.0,,,1610.0,1620.0,,,,
2017-06-20,1600.0,1610.0,1610.0,1620.0,,,1620.0,1630.0,,,,
2017-06-19,1596.0,1597.0,1605.0,1610.0,,,1610.0,1620.0,,,,
2017-06-16,1590.0,1600.0,1600.0,1610.0,,,1610.0,1620.0,,,,
2017-06-15,1590.0,1600.0,1600.0,1610.0,,,1610.0,1620.0,,,,
2017-06-14,1595.0,1600.0,1605.0,1615.0,,,1615.0,1625.0,,,,
2017-06-13,1600.0,1610.0,1610.0,1620.0,,,1620.0,1630.0,,,,
2017-06-12,1610.0,1620.0,1620.0,1630.0,,,1630.0,1640.0,,,,
2017-06-09,1620.0,1630.0,1630.0,1640.0,,,1640.0,1650.0,,,,
2017-06-08,1610.0,1620.0,1620.0,1630.0,,,1630.0,1640.0,,,,
2017-06-07,1625.0,1635.0,1635.0,1645.0,,,1645.0,1655.0,,,,
2017-06-06,1635.0,1645.0,1645.0,1655.0,,,1655.0,1665.0,,,,
2017-06-05,1635.0,1645.0,1645.0,1655.0,,,1655.0,1665.0,,,,
2017-06-02,1635.0,1645.0,1645.0,1655.0,,,1655.0,1665.0,,,,
2017-06-01,1635.0,1645.0,1645.0,1655.0,,,1655.0,1665.0,,,,
2017-05-31,1640.0,1650.0,1650.0,1660.0,,,1660.0,1670.0,,,,
2017-05-30,1645.0,1655.0,1655.0,1665.0,,,1665.0,1675.0,,,,
2017-05-26,1650.0,1660.0,1660.0,1670.0,,,1670.0,1680.0,,,,
2017-05-25,1645.0,1655.0,1655.0,1665.0,,,1665.0,1675.0,,,,
2017-05-24,1650.0,1660.0,1660.0,1670.0,,,1670.0,1680.0,,,,
2017-05-23,1655.0,1665.0,1660.0,1670.0,,,1670.0,1680.0,,,,
2017-05-22,1650.0,1660.0,1660.0,1670.0,,,1670.0,1680.0,,,,
2017-05-19,1650.0,1660.0,1660.0,1670.0,,,1670.0,1680.0,,,,
2017-05-18,1650.0,1660.0,1660.0,1670.0,,,1670.0,1680.0,,,,
2017-05-17,1650.0,1660.0,1660.0,1670.0,,,1670.0,1680.0,,,,
2017-05-16,1650.0,1660.0,1660.0,1670.0,,,1670.0,1680.0,,,,
2017-05-15,1650.0,1660.0,1660.0,1670.0,,,1670.0,1680.0,,,,
2017-05-12,1650.0,1660.0,1660.0,1670.0,,,1675.0,1685.0,,,,
2017-05-11,1650.0,1660.0,1660.0,1670.0,,,1675.0,1685.0,,,,
2017-05-10,1660.0,1670.0,1670.0,1680.0,,,1685.0,1695.0,,,,
2017-05-09,1660.0,1670.0,1670.0,1680.0,,,1685.0,1695.0,,,,
2017-05-08,1665.0,1675.0,1675.0,1685.0,,,1690.0,1700.0,,,,
2017-05-05,1670.0,1680.0,1680.0,1690.0,,,1695.0,1705.0,,,,
2017-05-04,1665.0,1675.0,1680.0,1685.0,,,1690.0,1700.0,,,,
2017-05-03,1680.0,1690.0,1690.0,1700.0,,,1705.0,1715.0,,,,
2017-05-02,1695.0,1705.0,1700.0,1710.0,,,1715.0,1725.0,,,,
2017-04-28,1690.0,1700.0,1700.0,1710.0,,,1715.0,1725.0,,,,
2017-04-27,1690.0,1700.0,1700.0,1710.0,,,1715.0,1725.0,,,,
2017-04-26,1660.0,1670.0,1670.0,1680.0,,,1685.0,1695.0,,,,
2017-04-25,1660.0,1670.0,1670.0,1680.0,,,1685.0,1695.0,,,,
2017-04-24,1590.0,1600.0,1600.0,1610.0,,,1615.0,1625.0,,,,
2017-04-21,1690.0,1700.0,1695.0,1705.0,,,1710.0,1720.0,,,,
2017-04-20,1665.0,1675.0,1670.0,1680.0,,,1685.0,1695.0,,,,
2017-04-19,1670.0,1680.0,1675.0,1685.0,,,1690.0,1700.0,,,,
2017-04-18,1675.0,1685.0,1680.0,1690.0,,,1695.0,1705.0,,,,
2017-04-13,1670.0,1680.0,1680.0,1690.0,,,1695.0,1705.0,,,,
2017-04-12,1690.0,1700.0,1700.0,1710.0,,,1715.0,1725.0,,,,
2017-04-11,1690.0,1700.0,1700.0,1710.0,,,1715.0,1725.0,,,,
2017-04-10,1690.0,1700.0,1700.0,1710.0,,,1715.0,1725.0,,,,
2017-04-07,1695.0,1705.0,1705.0,1715.0,,,1720.0,1730.0,,,,
2017-04-06,1695.0,1705.0,1705.0,1715.0,,,1720.0,1730.0,,,,
2017-04-05,1690.0,1700.0,1700.0,1710.0,,,1715.0,1725.0,,,,
2017-04-04,1690.0,1700.0,1700.0,1710.0,,,1715.0,1725.0,,,,
2017-04-03,1690.0,1700.0,1700.0,1710.0,,,1715.0,1725.0,,,,
2017-03-31,1709.0,1710.0,1700.0,1710.0,,,1720.0,1730.0,,,,
2017-03-30,1685.0,1695.0,1695.0,1705.0,,,1715.0,1725.0,,,,
2017-03-29,1685.0,1695.0,1695.0,1705.0,,,1715.0,1725.0,,,,
2017-03-28,1680.0,1690.0,1690.0,1700.0,,,1710.0,1720.0,,,,
2017-03-27,1680.0,1690.0,1690.0,1700.0,,,1710.0,1720.0,,,,
2017-03-24,1680.0,1690.0,1690.0,1700.0,,,1710.0,1720.0,,,,
2017-03-23,1695.0,1705.0,1705.0,1715.0,,,1725.0,1735.0,,,,
2017-03-22,1695.0,1705.0,1705.0,1715.0,,,1725.0,1735.0,,,,
2017-03-21,1700.0,1710.0,1710.0,1720.0,,,1730.0,1740.0,,,,
2017-03-20,1710.0,1720.0,1720.0,1730.0,,,1740.0,1750.0,,,,
2017-03-17,1710.0,1720.0,1720.0,1730.0,,,1740.0,1750.0,,,,
2017-03-16,1710.0,1720.0,1720.0,1730.0,,,1740.0,1750.0,,,,
2017-03-15,1690.0,1700.0,1700.0,1710.0,,,1720.0,1730.0,,,,
2017-03-14,1690.0,1700.0,1700.0,1710.0,,,1720.0,1730.0,,,,
2017-03-13,1690.0,1700.0,1700.0,1710.0,,,1720.0,1730.0,,,,
2017-03-10,1690.0,1700.0,1700.0,1710.0,,,1720.0,1730.0,,,,
2017-03-09,1690.0,1700.0,1700.0,1710.0,,,1720.0,1730.0,,,,
2017-03-08,1695.0,1705.0,1705.0,1715.0,,,1725.0,1735.0,,,,
2017-03-07,1700.0,1710.0,1710.0,1720.0,,,1730.0,1740.0,,,,
2017-03-06,1700.0,1710.0,1710.0,1720.0,,,1730.0,1740.0,,,,
2017-03-03,1675.0,1685.0,1685.0,1695.0,,,1705.0,1715.0,,,,
2017-03-02,1660.0,1670.0,1670.0,1680.0,,,1690.0,1700.0,,,,
2017-03-01,1630.0,1640.0,1640.0,1650.0,,,1660.0,1670.0,,,,
2017-02-28,1630.0,1640.0,1640.0,1650.0,,,1660.0,1670.0,,,,
2017-02-27,1630.0,1640.0,1640.0,1650.0,,,1660.0,1670.0,,,,
2017-02-24,1640.0,1650.0,1650.0,1660.0,,,1670.0,1680.0,,,,
2017-02-23,1640.0,1650.0,1650.0,1660.0,,,1670.0,1680.0,,,,
2017-02-22,1620.0,1630.0,1630.0,1640.0,,,1650.0,1660.0,,,,
2017-02-21,1625.0,1635.0,1635.0,1645.0,,,1655.0,1665.0,,,,
2017-02-20,1650.0,1660.0,1660.0,1670.0,,,1685.0,1695.0,,,,
2017-02-17,1645.0,1655.0,1655.0,1665.0,,,1680.0,1690.0,,,,
2017-02-16,1645.0,1655.0,1655.0,1665.0,,,1680.0,1690.0,,,,
2017-02-15,1640.0,1650.0,1650.0,1660.0,,,1675.0,1685.0,,,,
2017-02-14,1635.0,1645.0,1650.0,1660.0,,,1675.0,1685.0,,,,
2017-02-13,1635.0,1645.0,1650.0,1660.0,,,1675.0,1685.0,,,,
2017-02-10,1635.0,1645.0,1650.0,1660.0,,,1675.0,1685.0,,,,
2017-02-09,1595.0,1605.0,1610.0,1620.0,,,1635.0,1645.0,,,,
2017-02-08,1595.0,1605.0,1610.0,1620.0,,,1635.0,1645.0,,,,
2017-02-07,1590.0,1600.0,1605.0,1615.0,,,1630.0,1640.0,,,,
2017-02-06,1585.0,1595.0,1600.0,1610.0,,,1625.0,1635.0,,,,
2017-02-03,1585.0,1595.0,1600.0,1610.0,,,1625.0,1635.0,,,,
2017-02-02,1585.0,1595.0,1600.0,1610.0,,,1625.0,1635.0,,,,
2017-02-01,1585.0,1595.0,1600.0,1610.0,,,1625.0,1635.0,,,,
2017-01-31,1585.0,1595.0,1600.0,1610.0,,,1625.0,1635.0,,,,
2017-01-30,1585.0,1595.0,1600.0,1610.0,,,1625.0,1635.0,,,,
2017-01-27,1600.0,1610.0,1615.0,1625.0,,,1640.0,1650.0,,,,
2017-01-26,1600.0,1610.0,1615.0,1625.0,,,1640.0,1650.0,,,,
2017-01-25,1595.0,1605.0,1610.0,1620.0,,,1635.0,1645.0,,,,
2017-01-24,1600.0,1610.0,1615.0,1625.0,,,1640.0,1650.0,,,,
2017-01-23,1600.0,1610.0,1615.0,1625.0,,,1640.0,1650.0,,,,
2017-01-20,1590.0,1600.0,1605.0,1615.0,,,1630.0,1640.0,,,,
2017-01-19,1580.0,1590.0,1595.0,1605.0,,,1620.0,1630.0,,,,
2017-01-18,1575.0,1585.0,1590.0,1600.0,,,1615.0,1625.0,,,,
2017-01-17,1575.0,1585.0,1590.0,1600.0,,,1615.0,1625.0,,,,
2017-01-16,1550.0,1560.0,1570.0,1580.0,,,1595.0,1605.0,,,,
2017-01-13,1585.0,1595.0,1600.0,1610.0,,,1625.0,1635.0,,,,
2017-01-12,1585.0,1595.0,1600.0,1610.0,,,1625.0,1635.0,,,,
2017-01-11,1585.0,1595.0,1600.0,1610.0,,,1625.0,1635.0,,,,
2017-01-10,1560.0,1570.0,1575.0,1585.0,,,1600.0,1610.0,,,,
2017-01-09,1540.0,1550.0,1555.0,1565.0,,,1580.0,1590.0,,,,
2017-01-06,1535.0,1545.0,1555.0,1565.0,,,1585.0,1595.0,,,,
2017-01-05,1535.0,1545.0,1555.0,1565.0,,,1585.0,1595.0,,,,
2017-01-04,1535.0,1545.0,1555.0,1565.0,,,1585.0,1595.0,,,,
2017-01-03,1540.0,1550.0,1555.0,1565.0,,,1585.0,1595.0,,,,
2016-12-30,1540.0,1550.0,1560.0,1570.0,1590.0,1600.0,,,,,,
2016-12-29,1540.0,1550.0,1560.0,1570.0,1590.0,1600.0,,,,,,
2016-12-28,1540.0,1550.0,1560.0,1570.0,1590.0,1600.0,,,,,,
2016-12-23,1540.0,1550.0,1560.0,1570.0,1590.0,1600.0,,,,,,
2016-12-22,1540.0,1550.0,1560.0,1570.0,1590.0,1600.0,,,,,,
2016-12-21,1540.0,1550.0,1560.0,1570.0,1590.0,1600.0,,,,,,
2016-12-20,1540.0,1550.0,1560.0,1570.0,1590.0,1600.0,,,,,,
2016-12-19,1520.0,1530.0,1530.0,1540.0,1560.0,1570.0,,,,,,
2016-12-16,1560.0,1570.0,1570.0,1580.0,1600.0,1610.0,,,,,,
2016-12-15,1560.0,1570.0,1570.0,1580.0,1600.0,1610.0,,,,,,
2016-12-14,1560.0,1570.0,1570.0,1580.0,1600.0,1610.0,,,,,,
2016-12-13,1560.0,1570.0,1570.0,1580.0,1600.0,1610.0,,,,,,
2016-12-12,1560.0,1570.0,1570.0,1580.0,1600.0,1610.0,,,,,,
2016-12-09,1560.0,1570.0,1570.0,1580.0,1600.0,1610.0,,,,,,
2016-12-08,1515.0,1525.0,1530.0,1540.0,1560.0,1570.0,,,,,,
2016-12-07,1505.0,1515.0,1520.0,1530.0,1550.0,1560.0,,,,,,
2016-12-06,1555.0,1565.0,1560.0,1570.0,1590.0,1600.0,,,,,,
2016-12-05,1555.0,1565.0,1560.0,1570.0,1590.0,1600.0,,,,,,
2016-12-02,1555.0,1565.0,1570.0,1580.0,1600.0,1610.0,,,,,,
2016-12-01,1555.0,1565.0,1570.0,1580.0,1600.0,1610.0,,,,,,
2016-11-30,1555.0,1565.0,1570.0,1580.0,1600.0,1610.0,,,,,,
2016-11-29,1560.0,1570.0,1575.0,1585.0,1605.0,1615.0,,,,,,
2016-11-28,1560.0,1570.0,1575.0,1585.0,1605.0,1615.0,,,,,,
2016-11-25,1565.0,1575.0,1580.0,1590.0,1610.0,1620.0,,,,,,
2016-11-24,1565.0,1575.0,1580.0,1590.0,1610.0,1620.0,,,,,,
2016-11-23,1560.0,1570.0,1575.0,1585.0,1605.0,1615.0,,,,,,
2016-11-22,1545.0,1555.0,1560.0,1570.0,1590.0,1600.0,,,,,,
2016-11-21,1525.0,1535.0,1540.0,1550.0,1570.0,1580.0,,,,,,
2016-11-18,1525.0,1535.0,1540.0,1550.0,1570.0,1580.0,,,,,,
2016-11-17,1525.0,1535.0,1540.0,1550.0,1570.0,1580.0,,,,,,
2016-11-16,1525.0,1535.0,1540.0,1550.0,1570.0,1580.0,,,,,,
2016-11-15,1530.0,1540.0,1545.0,1555.0,1575.0,1585.0,,,,,,
2016-11-14,1510.0,1511.0,1520.0,1525.0,1550.0,1560.0,,,,,,
2016-11-11,1585.0,1590.0,1590.0,1600.0,1625.0,1635.0,,,,,,
2016-11-10,1560.0,1570.0,1570.0,1580.0,1605.0,1615.0,,,,,,
2016-11-09,1550.0,1560.0,1570.0,1580.0,1605.0,1615.0,,,,,,
2016-11-08,1555.0,1565.0,1570.0,1580.0,1605.0,1615.0,,,,,,
2016-11-07,1535.0,1545.0,1575.0,1580.0,1605.0,1615.0,,,,,,
2016-11-04,1555.0,1565.0,1570.0,1580.0,1605.0,1615.0,,,,,,
2016-11-03,1555.0,1565.0,1570.0,1580.0,1605.0,1615.0,,,,,,
2016-11-02,1560.0,1570.0,1575.0,1585.0,1610.0,1620.0,,,,,,
2016-11-01,1530.0,1540.0,1550.0,1560.0,1585.0,1595.0,,,,,,
2016-10-31,1565.0,1575.0,1580.0,1590.0,1615.0,1625.0,,,,,,
2016-10-28,1565.0,1575.0,1580.0,1590.0,1615.0,1625.0,,,,,,
2016-10-27,1545.0,1555.0,1560.0,1570.0,1595.0,1605.0,,,,,,
2016-10-26,1525.0,1535.0,1540.0,1550.0,1575.0,1585.0,,,,,,
2016-10-25,1525.0,1535.0,1540.0,1550.0,1575.0,1585.0,,,,,,
2016-10-24,1535.0,1545.0,1550.0,1560.0,1585.0,1595.0,,,,,,
2016-10-21,1535.0,1545.0,1550.0,1560.0,1585.0,1595.0,,,,,,
2016-10-20,1535.0,1545.0,1550.0,1560.0,1585.0,1595.0,,,,,,
2016-10-19,1545.0,1555.0,1560.0,1570.0,1595.0,1605.0,,,,,,
2016-10-18,1565.0,1575.0,1580.0,1590.0,1615.0,1625.0,,,,,,
2016-10-17,1525.0,1535.0,1540.0,1550.0,1575.0,1585.0,,,,,,
2016-10-14,1565.0,1575.0,1580.0,1590.0,1620.0,1630.0,,,,,,
2016-10-13,1565.0,1575.0,1580.0,1590.0,1620.0,1630.0,,,,,,
2016-10-12,1565.0,1575.0,1580.0,1590.0,1620.0,1630.0,,,,,,
2016-10-11,1565.0,1575.0,1580.0,1590.0,1620.0,1630.0,,,,,,
2016-10-10,1565.0,1575.0,1580.0,1590.0,1620.0,1630.0,,,,,,
2016-10-07,1565.0,1575.0,1580.0,1590.0,1620.0,1630.0,,,,,,
2016-10-06,1565.0,1575.0,1580.0,1590.0,1620.0,1630.0,,,,,,
2016-10-05,1565.0,1575.0,1580.0,1590.0,1620.0,1630.0,,,,,,
2016-10-04,1565.0,1575.0,1580.0,1590.0,1620.0,1630.0,,,,,,
2016-10-03,1565.0,1575.0,1580.0,1590.0,1620.0,1630.0,,,,,,
2016-09-30,1565.0,1575.0,1580.0,1590.0,,,,,,,,
2016-09-29,1560.0,1570.0,1575.0,1585.0,,,,,,,,
2016-09-28,1560.0,1570.0,1575.0,1585.0,,,,,,,,
2016-09-27,1560.0,1570.0,1575.0,1585.0,,,,,,,,
2016-09-26,1555.0,1565.0,1575.0,1585.0,,,,,,,,
2016-09-23,1555.0,1565.0,1575.0,1585.0,,,,,,,,
2016-09-22,1545.0,1555.0,1565.0,1575.0,,,,,,,,
2016-09-21,1545.0,1555.0,1565.0,1575.0,,,,,,,,
2016-09-20,1545.0,1555.0,1565.0,1575.0,,,,,,,,
2016-09-19,1545.0,1555.0,1560.0,1570.0,,,,,,,,
2016-09-16,1555.0,1565.0,1575.0,1585.0,,,,,,,,
2016-09-15,1555.0,1565.0,1575.0,1585.0,,,,,,,,
2016-09-14,1555.0,1565.0,1575.0,1585.0,,,,,,,,
2016-09-13,1555.0,1565.0,1575.0,1585.0,,,,,,,,
2016-09-12,1555.0,1565.0,1575.0,1585.0,,,,,,,,
2016-09-09,1560.0,1570.0,1580.0,1590.0,,,,,,,,
2016-09-08,1560.0,1570.0,1580.0,1590.0,,,,,,,,
2016-09-07,1560.0,1570.0,1580.0,1590.0,,,,,,,,
2016-09-06,1560.0,1570.0,1580.0,1590.0,,,,,,,,
2016-09-05,1570.0,1580.0,1590.0,1600.0,,,,,,,,
2016-09-02,1570.0,1580.0,1590.0,1600.0,,,,,,,,
2016-09-01,1570.0,1580.0,1590.0,1600.0,,,,,,,,
2016-08-31,1575.0,1585.0,1590.0,1600.0,,,,,,,1635.0,1645.0
2016-08-30,1575.0,1585.0,1590.0,1600.0,,,,,,,1635.0,1645.0
2016-08-26,1575.0,1585.0,1590.0,1600.0,,,,,,,1635.0,1645.0
2016-08-25,1575.0,1585.0,1590.0,1600.0,,,,,,,1635.0,1645.0
2016-08-24,1575.0,1585.0,1590.0,1600.0,,,,,,,1635.0,1645.0
2016-08-23,1575.0,1585.0,1590.0,1600.0,,,,,,,1635.0,1645.0
2016-08-22,1575.0,1585.0,1590.0,1600.0,,,,,,,1635.0,1645.0
2016-08-19,1580.0,1590.0,1595.0,1605.0,,,,,,,1640.0,1650.0
2016-08-18,1555.0,1565.0,1570.0,1580.0,,,,,,,1615.0,1625.0
2016-08-17,1550.0,1560.0,1570.0,1580.0,,,,,,,1615.0,1625.0
2016-08-16,1550.0,1560.0,1570.0,1580.0,,,,,,,1615.0,1625.0
2016-08-15,1550.0,1560.0,1570.0,1580.0,,,,,,,1615.0,1625.0
2016-08-12,1545.0,1555.0,1565.0,1575.0,,,,,,,1610.0,1620.0
2016-08-11,1545.0,1555.0,1565.0,1575.0,,,,,,,1610.0,1620.0
2016-08-10,1545.0,1555.0,1565.0,1575.0,,,,,,,1610.0,1620.0
2016-08-09,1545.0,1555.0,1565.0,1575.0,,,,,,,1610.0,1620.0
2016-08-08,1545.0,1555.0,1565.0,1575.0,,,,,,,1610.0,1620.0
2016-08-05,1545.0,1555.0,1565.0,1575.0,,,,,,,1610.0,1620.0
2016-08-04,1545.0,1555.0,1565.0,1575.0,,,,,,,1610.0,1620.0
2016-08-03,1540.0,1550.0,1565.0,1575.0,,,,,,,1610.0,1620.0
2016-08-02,1565.0,1575.0,1590.0,1600.0,,,,,,,1635.0,1645.0
2016-08-01,1530.0,1540.0,1555.0,1565.0,,,,,,,1605.0,1615.0
2016-07-29,1540.0,1550.0,1565.0,1575.0,,,,,,,1615.0,1625.0
2016-07-28,1575.0,1580.0,1595.0,1605.0,,,,,,,1645.0,1655.0
2016-07-27,1525.0,1535.0,1550.0,1560.0,,,,,,,1600.0,1610.0
2016-07-26,1530.0,1540.0,1555.0,1565.0,,,,,,,1605.0,1615.0
2016-07-25,1545.0,1550.0,1570.0,1575.0,,,,,,,1615.0,1625.0
2016-07-22,1500.0,1510.0,1525.0,1535.0,,,,,,,1575.0,1585.0
2016-07-21,1500.0,1510.0,1525.0,1535.0,,,,,,,1575.0,1585.0
2016-07-20,1500.0,1510.0,1525.0,1535.0,,,,,,,1575.0,1585.0
2016-07-19,1500.0,1510.0,1525.0,1535.0,,,,,,,1575.0,1585.0
2016-07-18,1500.0,1502.0,1525.0,1530.0,,,,,,,1575.0,1585.0
2016-07-15,1540.0,1550.0,1565.0,1575.0,,,,,,,1615.0,1625.0
2016-07-14,1540.0,1550.0,1565.0,1575.0,,,,,,,1615.0,1625.0
2016-07-13,1525.0,1535.0,1550.0,1560.0,,,,,,,1600.0,1610.0
2016-07-12,1525.0,1535.0,1550.0,1560.0,,,,,,,1600.0,1610.0
2016-07-11,1525.0,1535.0,1550.0,1560.0,,,,,,,1600.0,1610.0
2016-07-08,1525.0,1535.0,1550.0,1560.0,,,,,,,1600.0,1610.0
2016-07-07,1525.0,1535.0,1550.0,1560.0,,,,,,,1600.0,1610.0
2016-07-06,1525.0,1535.0,1550.0,1560.0,,,,,,,1600.0,1610.0
2016-07-05,1525.0,1535.0,1550.0,1560.0,,,,,,,1600.0,1610.0
2016-07-04,1525.0,1535.0,1550.0,1560.0,,,,,,,1600.0,1610.0
2016-07-01,1525.0,1535.0,1550.0,1560.0,,,,,,,1605.0,1615.0
2016-06-30,1525.0,1535.0,1550.0,1560.0,,,,,,,1605.0,1615.0
2016-06-29,1525.0,1535.0,1550.0,1560.0,,,,,,,1605.0,1615.0
2016-06-28,1525.0,1535.0,1550.0,1560.0,,,,,,,1605.0,1615.0
2016-06-27,1525.0,1535.0,1550.0,1560.0,,,,,,,1605.0,1615.0
2016-06-24,1525.0,1535.0,1550.0,1560.0,,,,,,,1605.0,1615.0
2016-06-23,1520.0,1530.0,1550.0,1560.0,,,,,,,1605.0,1615.0
2016-06-22,1520.0,1530.0,1560.0,1570.0,,,,,,,1615.0,1625.0
2016-06-21,1520.0,1530.0,1550.0,1560.0,,,,,,,1605.0,1615.0
2016-06-20,1520.0,1530.0,1550.0,1560.0,,,,,,,1605.0,1615.0
2016-06-17,1525.0,1535.0,1555.0,1565.0,,,,,,,1610.0,1620.0
2016-06-16,1525.0,1535.0,1555.0,1565.0,,,,,,,1610.0,1620.0
2016-06-15,1530.0,1540.0,1560.0,1570.0,,,,,,,1615.0,1625.0
2016-06-14,1500.0,1510.0,1530.0,1540.0,,,,,,,1585.0,1595.0
2016-06-13,1490.0,1495.0,1530.0,1540.0,,,,,,,1590.0,1600.0
2016-06-10,1525.0,1535.0,1550.0,1560.0,,,,,,,1610.0,1620.0
2016-06-09,1525.0,1535.0,1550.0,1560.0,,,,,,,1610.0,1620.0
2016-06-08,1525.0,1535.0,1550.0,1560.0,,,,,,,1605.0,1615.0
2016-06-07,1525.0,1535.0,1550.0,1560.0,,,,,,,1605.0,1615.0
2016-06-06,1535.0,1545.0,1560.0,1570.0,,,,,,,1615.0,1625.0
2016-06-03,1530.0,1540.0,1560.0,1570.0,,,,,,,1620.0,1630.0
2016-06-02,1530.0,1540.0,1560.0,1570.0,,,,,,,1620.0,1630.0
2016-06-01,1530.0,1540.0,1560.0,1570.0,,,,,,,1620.0,1630.0
2016-05-31,1535.0,1545.0,1560.0,1570.0,,,,,,,1620.0,1630.0
2016-05-27,1530.0,1540.0,1560.0,1570.0,,,,,,,1620.0,1630.0
2016-05-26,1530.0,1540.0,1560.0,1570.0,,,,,,,1620.0,1630.0
2016-05-25,1530.0,1540.0,1560.0,1570.0,,,,,,,1620.0,1630.0
2016-05-24,1530.0,1540.0,1555.0,1565.0,,,,,,,1615.0,1625.0
2016-05-23,1525.0,1535.0,1550.0,1560.0,,,,,,,1610.0,1620.0
2016-05-20,1525.0,1535.0,1550.0,1560.0,,,,,,,1610.0,1620.0
2016-05-19,1525.0,1535.0,1550.0,1560.0,,,,,,,1610.0,1620.0
2016-05-18,1525.0,1535.0,1550.0,1560.0,,,,,,,1610.0,1620.0
2016-05-17,1525.0,1535.0,1550.0,1560.0,,,,,,,1610.0,1620.0
2016-05-16,1520.0,1521.0,1555.0,1560.0,,,,,,,1615.0,1625.0
2016-05-13,1540.0,1550.0,1560.0,1570.0,,,,,,,1620.0,1630.0
2016-05-12,1520.0,1530.0,1550.0,1560.0,,,,,,,1610.0,1620.0
2016-05-11,1510.0,1520.0,1540.0,1550.0,,,,,,,1600.0,1610.0
2016-05-10,1510.0,1520.0,1540.0,1550.0,,,,,,,1600.0,1610.0
2016-05-09,1540.0,1550.0,1570.0,1580.0,,,,,,,1630.0,1640.0
2016-05-06,1540.0,1550.0,1570.0,1580.0,,,,,,,1635.0,1645.0
2016-05-05,1540.0,1550.0,1570.0,1580.0,,,,,,,1635.0,1645.0
2016-05-04,1535.0,1545.0,1570.0,1580.0,,,,,,,1635.0,1645.0
2016-05-03,1535.0,1545.0,1570.0,1580.0,,,,,,,1635.0,1645.0
2016-04-29,1540.0,1550.0,1580.0,1590.0,,,,,,,1645.0,1655.0
2016-04-28,1540.0,1550.0,1580.0,1590.0,,,,,,,1645.0,1655.0
2016-04-27,1540.0,1550.0,1580.0,1590.0,,,,,,,1645.0,1655.0
2016-04-26,1540.0,1550.0,1580.0,1590.0,,,,,,,1645.0,1655.0
2016-04-25,1540.0,1550.0,1580.0,1590.0,,,,,,,1645.0,1655.0
2016-04-22,1540.0,1550.0,1580.0,1590.0,,,,,,,1645.0,1655.0
2016-04-21,1550.0,1560.0,1585.0,1595.0,,,,,,,1650.0,1660.0
2016-04-20,1550.0,1560.0,1590.0,1600.0,,,,,,,1655.0,1665.0
2016-04-19,1520.0,1530.0,1560.0,1570.0,,,,,,,1625.0,1635.0
2016-04-18,1530.0,1532.0,1550.0,1560.0,,,,,,,1615.0,1625.0
2016-04-15,1545.0,1555.0,1570.0,1580.0,,,,,,,1635.0,1645.0
2016-04-14,1545.0,1555.0,1570.0,1580.0,,,,,,,1635.0,1645.0
2016-04-13,1545.0,1555.0,1570.0,1580.0,,,,,,,1635.0,1645.0
2016-04-12,1555.0,1565.0,1570.0,1580.0,,,,,,,1635.0,1645.0
2016-04-11,1545.0,1555.0,1570.0,1580.0,,,,,,,1635.0,1645.0
2016-04-08,1545.0,1555.0,1570.0,1580.0,,,,,,,1635.0,1645.0
2016-04-07,1545.0,1555.0,1570.0,1580.0,,,,,,,1635.0,1645.0
2016-04-06,1545.0,1555.0,1570.0,1580.0,,,,,,,1635.0,1645.0
2016-04-05,1560.0,1570.0,1585.0,1595.0,,,,,,,1650.0,1660.0
2016-04-04,1580.0,1590.0,1600.0,1610.0,,,,,,,1665.0,1675.0
2016-04-01,1545.0,1555.0,1570.0,1580.0,,,,,,,1640.0,1650.0
2016-03-31,1565.0,1575.0,1590.0,1600.0,,,,,,,1660.0,1670.0
2016-03-30,1565.0,1575.0,1590.0,1600.0,,,,,,,1660.0,1670.0
2016-03-29,1565.0,1575.0,1590.0,1600.0,,,,,,,1660.0,1670.0
2016-03-24,1575.0,1585.0,1600.0,1610.0,,,,,,,1670.0,1680.0
2016-03-23,1575.0,1585.0,1600.0,1610.0,,,,,,,1670.0,1680.0
2016-03-22,1560.0,1570.0,1585.0,1595.0,,,,,,,1655.0,1665.0
2016-03-21,1555.0,1565.0,1580.0,1590.0,,,,,,,1650.0,1660.0
2016-03-18,1555.0,1565.0,1580.0,1590.0,,,,,,,1650.0,1660.0
2016-03-17,1555.0,1565.0,1580.0,1590.0,,,,,,,1650.0,1660.0
2016-03-16,1555.0,1565.0,1580.0,1590.0,,,,,,,1650.0,1660.0
2016-03-15,1555.0,1565.0,1580.0,1590.0,,,,,,,1650.0,1660.0
2016-03-14,1545.0,1550.0,1570.0,1580.0,,,,,,,1640.0,1650.0
2016-03-11,1570.0,1580.0,1590.0,1600.0,,,,,,,1660.0,1670.0
2016-03-10,1555.0,1565.0,1580.0,1590.0,,,,,,,1650.0,1660.0
2016-03-09,1565.0,1575.0,1590.0,1600.0,,,,,,,1660.0,1670.0
2016-03-08,1575.0,1585.0,1600.0,1610.0,,,,,,,1670.0,1680.0
2016-03-07,1575.0,1585.0,1600.0,1610.0,,,,,,,1670.0,1680.0
2016-03-03,1525.0,1535.0,1550.0,1560.0,,,,,,,1620.0,1630.0
2016-03-02,1510.0,1520.0,1535.0,1545.0,,,,,,,1605.0,1615.0
2016-03-01,1505.0,1515.0,1530.0,1540.0,,,,,,,1600.0,1610.0
2016-02-29,1565.0,1575.0,1590.0,1595.0,,,,,,,1660.0,1670.0
2016-02-26,1555.0,1565.0,1580.0,1590.0,,,,,,,1650.0,1660.0
2016-02-24,1560.0,1570.0,1580.0,1590.0,,,,,,,1655.0,1665.0
2016-02-23,1560.0,1570.0,1580.0,1590.0,,,,,,,1655.0,1665.0
2016-02-22,1560.0,1570.0,1585.0,1595.0,,,,,,,1660.0,1670.0
2016-02-19,1560.0,1570.0,1585.0,1595.0,,,,,,,1660.0,1670.0
2016-02-18,1560.0,1570.0,1585.0,1595.0,,,,,,,1660.0,1670.0
2016-02-17,1560.0,1570.0,1585.0,1595.0,,,,,,,1660.0,1670.0
2016-02-16,1560.0,1570.0,1585.0,1595.0,,,,,,,1660.0,1670.0
2016-02-15,1560.0,1560.5,1585.0,1590.0,,,,,,,1655.0,1665.0
2016-02-11,1575.0,1585.0,1600.0,1605.0,,,,,,,1675.0,1685.0
2016-02-10,1560.0,1570.0,1585.0,1595.0,,,,,,,1660.0,1670.0
2016-02-09,1565.0,1575.0,1590.0,1600.0,,,,,,,1665.0,1675.0
2016-02-08,1520.0,1525.0,1550.0,1560.0,,,,,,,1625.0,1635.0
2016-02-05,1550.0,1560.0,1570.0,1580.0,,,,,,,1645.0,1655.0
2016-02-04,1520.0,1521.0,1540.0,1550.0,,,,,,,1615.0,1625.0
2016-02-03,1530.0,1535.0,1550.0,1560.0,,,,,,,1625.0,1635.0
2016-02-02,1550.0,1560.0,1570.0,1580.0,,,,,,,1645.0,1655.0
2016-02-01,1530.0,1540.0,1550.0,1560.0,,,,,,,1625.0,1635.0
2016-01-28,1570.0,1580.0,1595.0,1605.0,,,,,,,1675.0,1685.0
2016-01-27,1540.0,1550.0,1560.0,1570.0,,,,,,,1640.0,1650.0
2016-01-26,1505.0,1510.0,1540.0,1541.0,,,,,,,1615.0,1625.0
2016-01-25,1529.0,1530.0,1555.0,1565.0,,,,,,,1635.0,1645.0
2016-01-22,1540.0,1550.0,1560.0,1570.0,,,,,,,1640.0,1650.0
2016-01-21,1540.0,1540.5,1560.0,1565.0,,,,,,,1635.0,1645.0
2016-01-20,1550.0,1560.0,1570.0,1580.0,,,,,,,1650.0,1660.0
2016-01-19,1550.0,1560.0,1570.0,1580.0,,,,,,,1650.0,1660.0
2016-01-18,1550.0,1551.0,1570.0,1575.0,,,,,,,1645.0,1655.0
2016-01-15,1560.0,1561.0,1580.0,1585.0,,,,,,,1660.0,1670.0
2016-01-14,1560.0,1570.0,1580.0,1590.0,,,,,,,1660.0,1670.0
2016-01-13,1585.0,1595.0,1605.0,1615.0,,,,,,,1685.0,1695.0
2016-01-12,1590.0,1600.0,1605.0,1615.0,,,,,,,1685.0,1695.0
2016-01-11,1590.0,1600.0,1605.0,1615.0,,,,,,,1685.0,1695.0
2016-01-08,1590.0,1600.0,1605.0,1615.0,,,,,,,1685.0,1695.0
2016-01-07,1580.0,1581.0,1595.0,1600.0,,,,,,,1675.0,1685.0
2016-01-06,1560.0,1561.0,1595.0,1605.0,,,,,,,1675.0,1685.0
2016-01-05,1605.0,1615.0,1620.0,1630.0,,,,,,,1700.0,1710.0
2016-01-04,1595.0,1605.0,1610.0,1620.0,,,,,,,1690.0,1700.0
2015-12-31,1600.0,1610.0,1610.0,1620.0,1655.0,1665.0,,,,,,
2015-12-30,1600.0,1610.0,1610.0,1620.0,1655.0,1665.0,,,,,,
2015-12-29,1595.0,1605.0,1605.0,1615.0,1635.0,1645.0,,,,,,
2015-12-24,1600.0,1610.0,1610.0,1620.0,1640.0,1650.0,,,,,,
2015-12-23,1595.0,1605.0,1605.0,1615.0,1635.0,1645.0,,,,,,
2015-12-22,1595.0,1605.0,1605.0,1615.0,1605.0,1615.0,,,,,,
2015-12-21,1595.0,1605.0,1605.0,1615.0,1605.0,1615.0,,,,,,
2015-12-17,1580.0,1590.0,1595.0,1605.0,1595.0,1605.0,,,,,,
2015-12-16,1565.0,1575.0,1580.0,1590.0,1580.0,1590.0,,,,,,
2015-12-15,1560.0,1561.0,1580.0,1585.0,1580.0,1590.0,,,,,,
2015-12-14,1585.0,1595.0,1600.0,1610.0,1600.0,1610.0,,,,,,
2015-12-11,1590.0,1600.0,1600.0,1610.0,1600.0,1610.0,,,,,,
2015-12-10,1550.0,1555.0,1560.0,1570.0,1560.0,1570.0,,,,,,
2015-12-09,1560.0,1570.0,1570.0,1580.0,1570.0,1580.0,,,,,,
2015-12-08,1560.0,1561.0,1570.0,1575.0,1570.0,1580.0,,,,,,
2015-12-07,1605.0,1615.0,1605.0,1615.0,1605.0,1615.0,,,,,,
2015-12-04,1600.0,1610.0,1600.0,1610.0,1600.0,1610.0,,,,,,
2015-12-03,1600.0,1610.0,1600.0,1610.0,1600.0,1610.0,,,,,,
2015-12-02,1605.0,1615.0,1605.0,1615.0,1605.0,1615.0,,,,,,
2015-12-01,1605.0,1615.0,1605.0,1615.0,1605.0,1615.0,,,,,,
2015-11-30,1600.0,1610.0,1600.0,1610.0,1600.0,1610.0,,,,,,
2015-11-27,1600.0,1610.0,1600.0,1610.0,1600.0,1610.0,,,,,,
2015-11-26,1565.0,1575.0,1570.0,1580.0,1570.0,1580.0,,,,,,
2015-11-25,1535.0,1540.0,1535.0,1545.0,1535.0,1545.0,,,,,,
2015-11-24,1575.0,1585.0,1580.0,1590.0,1580.0,1590.0,,,,,,
2015-11-23,1550.0,1550.5,1555.0,1560.0,1555.0,1565.0,,,,,,
2015-11-20,1570.0,1570.5,1575.0,1580.0,1575.0,1585.0,,,,,,
2015-11-19,1600.0,1610.0,1605.0,1615.0,1605.0,1615.0,,,,,,
2015-11-18,1580.0,1585.0,1585.0,1595.0,1585.0,1595.0,,,,,,
2015-11-17,1600.0,1610.0,1605.0,1615.0,1605.0,1615.0,,,,,,
2015-11-16,1580.0,1590.0,1585.0,1595.0,1585.0,1595.0,,,,,,
2015-11-13,1575.0,1585.0,1580.0,1590.0,1580.0,1590.0,,,,,,
2015-11-12,1550.0,1560.0,1555.0,1565.0,1555.0,1565.0,,,,,,
2015-11-11,1550.0,1550.5,1555.0,1560.0,1555.0,1565.0,,,,,,
2015-11-10,1550.0,1551.0,1555.0,1560.0,1555.0,1565.0,,,,,,
2015-11-09,1550.0,1550.5,1555.0,1560.0,1555.0,1565.0,,,,,,
2015-11-06,1570.0,1570.5,1575.0,1585.0,1575.0,1585.0,,,,,,
2015-11-05,1600.0,1610.0,1605.0,1615.0,1605.0,1615.0,,,,,,
2015-11-04,1605.0,1615.0,1610.0,1620.0,1610.0,1620.0,,,,,,
2015-11-03,1580.0,1590.0,1595.0,1605.0,1595.0,1605.0,,,,,,
2015-11-02,1605.0,1615.0,1610.0,1620.0,1610.0,1620.0,,,,,,
2015-10-30,1605.0,1610.0,1610.0,1620.0,1610.0,1620.0,,,,,,
2015-10-29,1635.0,1645.0,1640.0,1650.0,1640.0,1650.0,,,,,,
2015-10-28,1630.0,1635.0,1630.0,1640.0,1630.0,1640.0,,,,,,
2015-10-27,1655.0,1665.0,1660.0,1670.0,1660.0,1670.0,,,,,,
2015-10-26,1655.0,1665.0,1660.0,1670.0,1660.0,1670.0,,,,,,
2015-10-23,1650.0,1660.0,1655.0,1665.0,1655.0,1665.0,,,,,,
2015-10-22,1640.0,1645.0,1655.0,1665.0,1655.0,1665.0,,,,,,
2015-10-21,1645.0,1655.0,1655.0,1665.0,1655.0,1665.0,,,,,,
2015-10-20,1650.0,1660.0,1665.0,1675.0,1665.0,1675.0,,,,,,
2015-10-19,1655.0,1660.0,1665.0,1675.0,1665.0,1675.0,,,,,,
2015-10-16,1680.0,1690.0,1690.0,1700.0,1690.0,1700.0,,,,,,
2015-10-15,1680.0,1690.0,1690.0,1700.0,1690.0,1700.0,,,,,,
2015-10-14,1680.0,1690.0,1690.0,1700.0,1690.0,1700.0,,,,,,
2015-10-13,1680.0,1690.0,1690.0,1700.0,1690.0,1700.0,,,,,,
2015-10-12,1680.0,1690.0,1690.0,1700.0,1690.0,1700.0,,,,,,
2015-10-09,1685.0,1690.0,1695.0,1705.0,1695.0,1705.0,,,,,,
2015-10-08,1670.0,1680.0,1680.0,1690.0,1680.0,1690.0,,,,,,
2015-10-07,1675.0,1685.0,1685.0,1690.0,1685.0,1695.0,,,,,,
2015-10-06,1670.0,1680.0,1680.0,1690.0,1680.0,1690.0,,,,,,
2015-10-05,1690.0,1700.0,1700.0,1710.0,1700.0,1710.0,,,,,,
2015-10-02,1700.0,1710.0,1710.0,1720.0,1710.0,1720.0,,,,,,
2015-10-01,1710.0,1715.0,1720.0,1730.0,1720.0,1730.0,,,,,,
2015-09-30,1675.0,1685.0,1690.0,1700.0,,,,,,,,
2015-09-29,1675.0,1685.0,1690.0,1700.0,,,,,,,,
2015-09-28,1680.0,1685.0,1690.0,1700.0,,,,,,,,
2015-09-25,1675.0,1685.0,1690.0,1700.0,,,,,,,,
2015-09-24,1675.0,1685.0,1690.0,1700.0,,,,,,,,
2015-09-23,1680.0,1690.0,1695.0,1705.0,,,,,,,,
2015-09-22,1685.0,1695.0,1700.0,1710.0,,,,,,,,
2015-09-21,1730.0,1740.0,1740.0,1750.0,,,,,,,,
2015-09-18,1695.0,1705.0,1710.0,1720.0,,,,,,,,
2015-09-17,1695.0,1705.0,1710.0,1720.0,,,,,,,,
2015-09-16,1700.0,1710.0,1710.0,1720.0,,,,,,,,
2015-09-15,1700.0,1710.0,1710.0,1720.0,,,,,,,,
2015-09-14,1685.0,1695.0,1700.0,1710.0,,,,,,,,
2015-09-11,1695.0,1705.0,1710.0,1720.0,,,,,,,,
2015-09-10,1690.0,1700.0,1705.0,1715.0,,,,,,,,
2015-09-09,1705.0,1715.0,1720.0,1730.0,,,,,,,,
2015-09-08,1670.0,1680.0,1685.0,1695.0,,,,,,,,
2015-09-07,1665.0,1675.0,1680.0,1690.0,,,,,,,,
2015-09-04,1680.0,1690.0,1695.0,1705.0,,,,,,,,
2015-09-03,1680.0,1690.0,1696.0,1700.0,,,,,,,,
2015-09-02,1620.0,1621.0,1650.0,1655.0,,,,,,,,
2015-09-01,1635.0,1645.0,1650.0,1660.0,,,,,,,,
2015-08-28,1675.0,1685.0,1690.0,1700.0,,,1690.0,1700.0,,,,
2015-08-27,1600.0,1610.0,1615.0,1625.0,,,1615.0,1625.0,,,,
2015-08-26,1675.0,1685.0,1690.0,1700.0,,,1690.0,1700.0,,,,
2015-08-25,1670.0,1680.0,1685.0,1695.0,,,1685.0,1695.0,,,,
2015-08-24,1695.0,1705.0,1715.0,1720.0,,,1715.0,1725.0,,,,
2015-08-21,1650.0,1660.0,1670.0,1680.0,,,1670.0,1680.0,,,,
2015-08-20,1660.0,1670.0,1675.0,1685.0,,,,,,,1675.0,1685.0
2015-08-19,1665.0,1675.0,1670.0,1680.0,,,1670.0,1680.0,,,,
2015-08-18,1670.0,1680.0,1680.0,1690.0,,,1680.0,1690.0,,,,
2015-08-17,1670.0,1675.0,1700.0,1710.0,,,1700.0,1710.0,,,,
2015-08-14,1685.0,1695.0,1690.0,1700.0,,,1690.0,1700.0,,,,
2015-08-13,1690.0,1700.0,1700.0,1710.0,,,1700.0,1710.0,,,,
2015-08-12,1705.0,1715.0,1705.0,1715.0,,,1705.0,1715.0,,,,
2015-08-11,1765.0,1770.0,1765.0,1775.0,,,1765.0,1775.0,,,,
2015-08-10,1675.0,1685.0,1680.0,1690.0,,,1680.0,1690.0,,,,
2015-08-07,1670.0,1680.0,1670.0,1680.0,,,1670.0,1680.0,,,,
2015-08-06,1675.0,1685.0,1680.0,1690.0,,,1680.0,1690.0,,,,
2015-08-05,1685.0,1695.0,1685.0,1695.0,,,1685.0,1695.0,,,,
2015-08-04,1665.0,1675.0,1665.0,1675.0,,,1665.0,1675.0,,,,
2015-08-03,1645.0,1646.0,1660.0,1661.0,,,1655.0,1665.0,,,,
2015-07-31,1690.0,1700.0,1695.0,1705.0,,,1695.0,1705.0,,,,
2015-07-30,1705.0,1715.0,1710.0,1720.0,,,1710.0,1720.0,,,,
2015-07-29,1715.0,1725.0,1715.0,1725.0,,,1715.0,1725.0,,,,
2015-07-28,1705.0,1715.0,1705.0,1715.0,,,1705.0,1715.0,,,,
2015-07-27,1710.0,1720.0,1710.0,1720.0,,,1710.0,1720.0,,,,
2015-07-24,1690.0,1700.0,1700.0,1710.0,,,1700.0,1710.0,,,,
2015-07-23,1705.0,1715.0,1720.0,1730.0,,,1720.0,1730.0,,,,
2015-07-22,1705.0,1715.0,1720.0,1730.0,,,1720.0,1730.0,,,,
2015-07-21,1675.0,1685.0,1700.0,1710.0,,,1700.0,1710.0,,,,
2015-07-20,1700.0,1710.0,1715.0,1725.0,,,1715.0,1725.0,,,,
2015-07-17,1710.0,1720.0,1725.0,1735.0,,,1725.0,1735.0,,,,
2015-07-16,1710.0,1720.0,1725.0,1735.0,,,1725.0,1735.0,,,,
2015-07-15,1720.0,1730.0,1735.0,1745.0,,,1735.0,1745.0,,,,
2015-07-14,1720.0,1730.0,1735.0,1745.0,,,1735.0,1745.0,,,,
2015-07-13,1715.0,1720.0,1730.0,1735.0,,,1730.0,1740.0,,,,
2015-07-10,1750.0,1760.0,1765.0,1775.0,,,1765.0,1775.0,,,,
2015-07-09,1740.0,1750.0,1755.0,1765.0,,,1755.0,1765.0,,,,
2015-07-08,1735.0,1745.0,1750.0,1760.0,,,1750.0,1760.0,,,,
2015-07-07,1760.0,1770.0,1775.0,1785.0,,,1775.0,1785.0,,,,
2015-07-06,1760.0,1770.0,1775.0,1785.0,,,1775.0,1785.0,,,,
2015-07-03,1760.0,1770.0,1775.0,1785.0,,,1775.0,1785.0,,,,
2015-07-02,1760.0,1770.0,1775.0,1785.0,,,1775.0,1785.0,,,,
2015-07-01,1760.0,1770.0,1775.0,1785.0,,,1775.0,1785.0,,,,
2015-06-30,1775.0,1785.0,1780.0,1790.0,,,1780.0,1790.0,,,,
2015-06-29,1770.0,1780.0,1790.0,1800.0,,,1790.0,1800.0,,,,
2015-06-26,1770.0,1780.0,1790.0,1800.0,,,1790.0,1800.0,,,,
2015-06-25,1770.0,1780.0,1790.0,1800.0,,,1790.0,1800.0,,,,
2015-06-24,1795.0,1805.0,1795.0,1805.0,,,1795.0,1805.0,,,,
2015-06-23,1780.0,1790.0,1790.0,1800.0,,,1790.0,1800.0,,,,
2015-06-22,1770.0,1780.0,1790.0,1800.0,,,1790.0,1800.0,,,,
2015-06-19,1760.0,1770.0,1780.0,1790.0,,,1780.0,1790.0,,,,
2015-06-18,1770.0,1780.0,1770.0,1780.0,,,1770.0,1780.0,,,,
2015-06-17,1770.0,1780.0,1770.0,1780.0,,,1770.0,1780.0,,,,
2015-06-16,1730.0,1740.0,1745.0,1755.0,,,1745.0,1755.0,,,,
2015-06-15,1730.0,1740.0,1745.0,1755.0,,,,,,,1745.0,1755.0
2015-06-12,1770.0,1780.0,1790.0,1800.0,,,,,,,1790.0,1800.0
2015-06-11,1750.0,1760.0,1770.0,1780.0,,,1770.0,1780.0,,,,
2015-06-10,1765.0,1775.0,1785.0,1795.0,,,1785.0,1795.0,,,,
2015-06-09,1765.0,1775.0,1785.0,1795.0,,,1785.0,1795.0,,,,
2015-06-08,1760.0,1770.0,1770.0,1780.0,,,1770.0,1780.0,,,,
2015-06-05,1730.0,1740.0,1745.0,1755.0,,,1745.0,1755.0,,,,
2015-06-04,1750.0,1760.0,1765.0,1775.0,,,1765.0,1775.0,,,,
2015-06-03,1780.0,1790.0,1795.0,1805.0,,,1795.0,1805.0,,,,
2015-06-02,1670.0,1671.0,1690.0,1695.0,,,1690.0,1700.0,,,,
2015-06-01,1700.0,1710.0,1720.0,1730.0,,,1720.0,1730.0,,,,
2015-05-29,1715.0,1725.0,1730.0,1740.0,,,1730.0,1740.0,,,,
2015-05-28,1715.0,1725.0,1730.0,1740.0,,,1730.0,1740.0,,,,
2015-05-27,1725.0,1735.0,1740.0,1750.0,,,1740.0,1750.0,,,,
2015-05-26,1730.0,1740.0,1745.0,1755.0,,,1745.0,1755.0,,,,
2015-05-22,1715.0,1725.0,1730.0,1740.0,,,1730.0,1740.0,,,,
2015-05-21,1750.0,1751.0,1750.0,1755.0,,,1750.0,1760.0,,,,
2015-05-20,1725.0,1735.0,1740.0,1750.0,,,1740.0,1750.0,,,,
2015-05-19,1740.0,1750.0,1750.0,1760.0,,,1750.0,1760.0,,,,
2015-05-18,1850.0,1860.0,1860.0,1870.0,,,1860.0,1870.0,,,,
2015-05-15,1730.0,1731.0,1740.0,1750.0,,,1740.0,1750.0,,,,
2015-05-14,1770.0,1780.0,1780.0,1790.0,,,1780.0,1790.0,,,,
2015-05-13,1800.0,1810.0,1805.0,1815.0,,,1805.0,1815.0,,,,
2015-05-12,1805.0,1815.0,1810.0,1820.0,,,1810.0,1820.0,,,,
2015-05-11,1819.5,1820.0,1820.0,1825.0,,,1820.0,1830.0,,,,
2015-05-08,1815.0,1825.0,1815.0,1825.0,,,1815.0,1825.0,,,,
2015-05-07,1830.0,1840.0,1830.0,1840.0,,,1830.0,1840.0,,,,
2015-05-06,1820.0,1830.0,1810.0,1820.0,,,1810.0,1820.0,,,,
2015-05-05,1800.0,1810.0,1800.0,1810.0,,,1800.0,1810.0,,,,
2015-05-01,1800.0,1810.0,1800.0,1810.0,,,1800.0,1810.0,,,,
2015-04-30,1805.0,1810.0,1800.0,1810.0,,,1800.0,1810.0,,,,
2015-04-29,1800.0,1801.0,1800.0,1805.0,,,1800.0,1810.0,,,,
2015-04-28,1785.0,1790.0,1805.0,1810.0,,,1805.0,1815.0,,,,
2015-04-27,1790.0,1800.0,1790.0,1800.0,,,1790.0,1800.0,,,,
2015-04-24,1800.0,1810.0,1805.0,1815.0,,,1805.0,1815.0,,,,
2015-04-23,1800.0,1810.0,1810.0,1820.0,,,1810.0,1820.0,,,,
2015-04-22,1800.0,1810.0,1805.0,1815.0,,,1805.0,1815.0,,,,
2015-04-21,1800.0,1810.0,1810.0,1820.0,,,1810.0,1820.0,,,,
2015-04-20,1770.0,1780.0,1785.0,1795.0,,,1785.0,1795.0,,,,
2015-04-17,1800.0,1810.0,1815.0,1825.0,,,1815.0,1825.0,,,,
2015-04-16,1820.0,1825.0,1830.0,1835.0,,,1830.0,1840.0,,,,
2015-04-15,1790.0,1800.0,1805.0,1815.0,,,1805.0,1815.0,,,,
2015-04-14,1800.0,1805.0,1815.0,1820.0,,,1815.0,1825.0,,,,
2015-04-13,1770.0,1775.0,1785.0,1795.0,,,1785.0,1795.0,,,,
2015-04-10,1765.0,1775.0,1780.0,1790.0,,,1780.0,1790.0,,,,
2015-04-09,1770.0,1780.0,1785.0,1795.0,,,1785.0,1795.0,,,,
2015-04-08,1780.0,1790.0,1780.0,1781.0,,,1775.0,1785.0,,,,
2015-04-07,1775.0,1785.0,1790.0,1800.0,,,1790.0,1800.0,,,,
2015-04-02,1779.0,1780.0,1790.0,1795.0,,,1790.0,1800.0,,,,
2015-04-01,1760.0,1770.0,1780.0,1790.0,,,1780.0,1790.0,,,,
2015-03-31,1750.0,1760.0,1765.0,1775.0,,,1765.0,1775.0,,,,
2015-03-30,1749.5,1750.0,1760.0,1765.0,,,1760.0,1770.0,,,,
2015-03-27,1710.0,1720.0,1730.0,1740.0,,,1730.0,1740.0,,,,
2015-03-26,1720.0,1730.0,1740.0,1750.0,,,1740.0,1750.0,,,,
2015-03-25,1720.0,1730.0,1740.0,1750.0,,,1740.0,1750.0,,,,
2015-03-24,1715.0,1730.0,1735.0,1750.0,,,1740.0,1750.0,,,,
2015-03-23,1700.0,1710.0,1720.0,1730.0,,,1720.0,1730.0,,,,
2015-03-20,1705.0,1725.0,1725.0,1745.0,,,1730.0,1740.0,,,,
2015-03-19,1740.0,1750.0,1760.0,1770.0,,,1760.0,1770.0,,,,
2015-03-18,1725.0,1735.0,1745.0,1755.0,,,1745.0,1755.0,,,,
2015-03-17,1730.0,1740.0,1755.0,1765.0,,,1755.0,1765.0,,,,
2015-03-16,1710.0,1720.0,1735.0,1745.0,,,1735.0,1745.0,,,,
2015-03-13,1765.0,1775.0,1790.0,1800.0,,,1795.0,1805.0,,,,
2015-03-12,1785.0,1795.0,1805.0,1815.0,,,1810.0,1820.0,,,,
2015-03-11,1790.0,1800.0,1805.0,1815.0,,,1805.0,1815.0,,,,
2015-03-10,1795.0,1805.0,1805.0,1815.0,,,1805.0,1815.0,,,,
2015-03-09,1795.0,1805.0,1805.0,1815.0,,,1805.0,1815.0,,,,
2015-03-06,1795.0,1805.0,1805.0,1815.0,,,1805.0,1815.0,,,,
2015-03-05,1790.0,1800.0,1805.0,1815.0,,,1805.0,1815.0,,,,
2015-03-04,1790.0,1800.0,1805.0,1815.0,,,1805.0,1815.0,,,,
2015-03-03,1790.0,1800.0,1805.0,1815.0,,,1805.0,1815.0,,,,
2015-03-02,1795.0,1805.0,1810.0,1820.0,,,1810.0,1820.0,,,,
2015-02-27,1790.0,1800.0,1805.0,1815.0,,,1805.0,1815.0,,,,
2015-02-26,1795.0,1805.0,1810.0,1820.0,,,1810.0,1820.0,,,,
2015-02-25,1785.0,1795.0,1800.0,1810.0,,,1800.0,1810.0,,,,
2015-02-24,1785.0,1795.0,1800.0,1810.0,,,1800.0,1810.0,,,,
2015-02-23,1805.0,1815.0,1820.0,1830.0,,,1820.0,1830.0,,,,
2015-02-20,1805.0,1815.0,1820.0,1830.0,,,1820.0,1830.0,,,,
2015-02-19,1810.0,1820.0,1820.0,1830.0,,,1820.0,1830.0,,,,
2015-02-18,1785.0,1795.0,1800.0,1810.0,,,1800.0,1810.0,,,,
2015-02-17,1740.0,1750.0,1775.0,1785.0,,,1775.0,1785.0,,,,
2015-02-16,1740.0,1750.0,1755.0,1765.0,,,1755.0,1765.0,,,,
2015-02-13,1740.0,1750.0,1755.0,1765.0,,,1755.0,1765.0,,,,
2015-02-12,1775.0,1785.0,1795.0,1805.0,,,1795.0,1805.0,,,,
2015-02-11,1805.0,1815.0,1820.0,1830.0,,,1820.0,1830.0,,,,
2015-02-10,1820.0,1830.0,1835.0,1845.0,,,1835.0,1845.0,,,,
2015-02-09,1825.0,1835.0,1840.0,1850.0,,,1840.0,1850.0,,,,
2015-02-06,1815.0,1825.0,1830.0,1840.0,,,1830.0,1840.0,,,,
2015-02-05,1825.0,1835.0,1840.0,1850.0,,,1840.0,1850.0,,,,
2015-02-04,1825.0,1835.0,1840.0,1850.0,,,1840.0,1850.0,,,,
2015-02-03,1830.0,1840.0,1840.0,1850.0,,,1840.0,1850.0,,,,
2015-02-02,1830.0,1840.0,1840.0,1850.0,,,1840.0,1850.0,,,,
2015-01-30,1870.0,1880.0,1880.0,1890.0,,,1880.0,1890.0,,,,
2015-01-29,1830.0,1840.0,1840.0,1850.0,,,1840.0,1850.0,,,,
2015-01-28,1830.0,1840.0,1840.0,1850.0,,,1840.0,1850.0,,,,
2015-01-27,1830.0,1840.0,1840.0,1850.0,,,1840.0,1850.0,,,,
2015-01-26,1835.0,1845.0,1845.0,1855.0,,,1845.0,1855.0,,,,
2015-01-23,1845.0,1855.0,1855.0,1865.0,,,1855.0,1865.0,,,,
2015-01-22,1860.0,1870.0,1870.0,1880.0,,,1870.0,1880.0,,,,
2015-01-21,1855.0,1860.0,1868.0,1869.0,,,1865.0,1875.0,,,,
2015-01-20,1820.0,1830.0,1840.0,1850.0,,,1840.0,1850.0,,,,
2015-01-19,1810.0,1820.0,1830.0,1840.0,,,1830.0,1840.0,,,,
2015-01-16,1810.0,1820.0,1830.0,1840.0,,,1830.0,1840.0,,,,
2015-01-15,1810.0,1820.0,1830.0,1840.0,,,1830.0,1840.0,,,,
2015-01-14,1820.0,1830.0,1840.0,1850.0,,,1840.0,1850.0,,,,
2015-01-13,1825.0,1835.0,1840.0,1850.0,,,1840.0,1850.0,,,,
2015-01-12,1825.0,1835.0,1840.0,1850.0,,,1840.0,1850.0,,,,
2015-01-09,1780.0,1790.0,1790.0,1800.0,,,1790.0,1800.0,,,,
2015-01-08,1780.0,1790.0,1790.0,1800.0,,,1790.0,1800.0,,,,
2015-01-07,1780.0,1790.0,1790.0,1800.0,,,1790.0,1800.0,,,,
2015-01-06,1795.0,1805.0,1810.0,1815.0,,,1810.0,1820.0,,,,
2015-01-05,1800.0,1810.0,1810.0,1820.0,,,1810.0,1820.0,,,,
2015-01-02,1785.0,1795.0,1800.0,1810.0,,,1800.0,1810.0,,,,
2014-12-31,1795.0,1805.0,1805.0,1815.0,,,1805.0,1815.0,,,,
2014-12-30,1850.0,1860.0,1865.0,1875.0,,,1865.0,1875.0,,,,
2014-12-29,1850.0,1860.0,1865.0,1875.0,,,1865.0,1875.0,,,,
2014-12-24,1850.0,1860.0,1865.0,1870.0,,,1865.0,1875.0,,,,
2014-12-23,1910.0,1920.0,1925.0,1935.0,,,1925.0,1935.0,,,,
2014-12-22,1945.0,1955.0,1960.0,1970.0,,,1960.0,1970.0,,,,
2014-12-19,1955.0,1965.0,1970.0,1980.0,,,1970.0,1980.0,,,,
2014-12-18,1965.0,1975.0,1985.0,1995.0,,,1985.0,1995.0,,,,
2014-12-17,1970.0,1980.0,1990.0,2000.0,,,1990.0,2000.0,,,,
2014-12-16,1990.0,2000.0,1995.0,2005.0,,,1995.0,2005.0,,,,
2014-12-15,1980.0,1990.0,1985.0,1995.0,,,1985.0,1995.0,,,,
2014-12-12,2010.0,2020.0,2020.0,2030.0,,,2020.0,2030.0,,,,
2014-12-11,2005.0,2015.0,2020.0,2030.0,,,2020.0,2030.0,,,,
2014-12-10,2015.0,2025.0,2030.0,2040.0,,,2030.0,2040.0,,,,
2014-12-09,2020.0,2030.0,2035.0,2045.0,,,2035.0,2045.0,,,,
2014-12-08,2050.0,2060.0,2060.0,2070.0,,,2060.0,2070.0,,,,
2014-12-05,1970.0,1980.0,1985.0,1995.0,,,1985.0,1995.0,,,,
2014-12-04,1975.0,1985.0,1990.0,2000.0,,,1990.0,2000.0,,,,
2014-12-03,1980.0,1990.0,1995.0,2005.0,,,1995.0,2005.0,,,,
2014-12-02,1980.0,1990.0,2000.0,2010.0,,,2000.0,2010.0,,,,
2014-12-01,2000.0,2010.0,2020.0,2030.0,,,2020.0,2030.0,,,,
2014-11-28,2000.0,2010.0,2020.0,2030.0,,,2020.0,2030.0,,,,
2014-11-27,2000.0,2010.0,2020.0,2030.0,,,2020.0,2030.0,,,,
2014-11-26,2030.0,2040.0,2040.0,2050.0,,,2040.0,2050.0,,,,
2014-11-25,2025.0,2035.0,2045.0,2055.0,,,2045.0,2055.0,,,,
2014-11-24,2015.0,2025.0,2035.0,2045.0,,,2035.0,2045.0,,,,
2014-11-21,2015.0,2025.0,2035.0,2045.0,,,2035.0,2045.0,,,,
2014-11-20,2000.0,2010.0,2020.0,2030.0,,,2020.0,2030.0,,,,
2014-11-19,2000.0,2010.0,2020.0,2030.0,,,2020.0,2030.0,,,,
2014-11-18,2030.0,2040.0,2040.0,2050.0,,,2040.0,2050.0,,,,
2014-11-17,2010.0,2020.0,2035.0,2045.0,,,2035.0,2045.0,,,,
2014-11-14,2015.0,2025.0,2040.0,2050.0,,,2040.0,2050.0,,,,
2014-11-13,2025.0,2035.0,2050.0,2060.0,,,2050.0,2060.0,,,,
2014-11-12,2035.0,2045.0,2060.0,2070.0,,,2060.0,2070.0,,,,
2014-11-11,2020.0,2030.0,2050.0,2060.0,,,2050.0,2060.0,,,,
2014-11-10,2030.0,2040.0,2060.0,2070.0,,,2060.0,2070.0,,,,
2014-11-07,2010.0,2020.0,2040.0,2050.0,,,2040.0,2050.0,,,,
2014-11-06,2020.0,2030.0,2050.0,2060.0,,,2050.0,2060.0,,,,
2014-11-05,2010.0,2020.0,2020.0,2030.0,,,2020.0,2030.0,,,,
2014-11-04,2080.0,2090.0,2085.0,2095.0,,,2085.0,2095.0,,,,
2014-11-03,2085.0,2095.0,2090.0,2100.0,,,2090.0,2100.0,,,,
2014-10-31,2075.0,2085.0,2080.0,2090.0,,,2080.0,2090.0,,,,
2014-10-30,2085.0,2095.0,2090.0,2100.0,,,2090.0,2100.0,,,,
2014-10-29,2075.0,2085.0,2080.0,2090.0,,,2080.0,2090.0,,,,
2014-10-28,2065.0,2075.0,2075.0,2080.0,,,2075.0,2085.0,,,,
2014-10-27,2080.0,2090.0,2090.0,2100.0,,,2090.0,2100.0,,,,
2014-10-24,2080.0,2090.0,2085.0,2095.0,,,2085.0,2095.0,,,,
2014-10-23,2080.0,2090.0,2090.0,2100.0,,,2090.0,2100.0,,,,
2014-10-22,2085.0,2095.0,2090.0,2100.0,,,2090.0,2100.0,,,,
2014-10-21,2085.0,2095.0,2090.0,2100.0,,,2090.0,2100.0,,,,
2014-10-20,2080.0,2090.0,2085.0,2095.0,,,2085.0,2095.0,,,,
2014-10-17,2085.0,2095.0,2090.0,2100.0,,,2090.0,2100.0,,,,
2014-10-16,2075.0,2085.0,2090.0,2100.0,,,2090.0,2100.0,,,,
2014-10-15,2075.0,2085.0,2090.0,2100.0,,,2090.0,2100.0,,,,
2014-10-14,2070.0,2080.0,2085.0,2095.0,,,2085.0,2095.0,,,,
2014-10-13,2075.0,2085.0,2090.0,2100.0,,,2090.0,2100.0,,,,
2014-10-10,2080.0,2090.0,2095.0,2105.0,,,2095.0,2105.0,,,,
2014-10-09,2105.0,2115.0,2120.0,2130.0,,,2120.0,2130.0,,,,
2014-10-08,2065.0,2075.0,2080.0,2090.0,,,2080.0,2090.0,,,,
2014-10-07,2085.0,2095.0,2100.0,2110.0,,,2100.0,2110.0,,,,
2014-10-06,2075.0,2085.0,2090.0,2100.0,,,2090.0,2100.0,,,,
2014-10-03,2050.0,2060.0,2065.0,2075.0,,,2065.0,2075.0,,,,
2014-10-02,2070.0,2080.0,2085.0,2095.0,,,2085.0,2095.0,,,,
2014-10-01,2080.0,2090.0,2095.0,2105.0,,,2095.0,2105.0,,,,
2014-09-30,2080.0,2090.0,2095.0,2105.0,,,,,,,,
2014-09-29,2065.0,2075.0,2080.0,2090.0,,,,,,,,
2014-09-26,2075.0,2085.0,2090.0,2100.0,,,,,,,,
2014-09-25,2045.0,2055.0,2060.0,2070.0,,,,,,,,
2014-09-24,2075.0,2085.0,2090.0,2100.0,,,,,,,,
2014-09-23,2080.0,2090.0,2095.0,2105.0,,,,,,,,
2014-09-22,2080.0,2090.0,2095.0,2105.0,,,,,,,,
2014-09-19,2080.0,2090.0,2095.0,2105.0,,,,,,,,
2014-09-18,2075.0,2085.0,2095.0,2105.0,,,,,,,,
2014-09-17,2080.0,2090.0,2095.0,2105.0,,,,,,,,
2014-09-16,2080.0,2090.0,2095.0,2105.0,,,,,,,,
2014-09-15,2110.0,2115.0,2115.0,2125.0,,,,,,,,
2014-09-12,2100.0,2110.0,2115.0,2125.0,,,,,,,,
2014-09-11,2115.0,2125.0,2130.0,2140.0,,,,,,,,
2014-09-10,2120.0,2130.0,2135.0,2145.0,,,,,,,,
2014-09-09,2125.0,2135.0,2140.0,2150.0,,,,,,,,
2014-09-08,2130.0,2140.0,2145.0,2155.0,,,,,,,,
2014-09-05,2125.0,2135.0,2140.0,2150.0,,,,,,,,
2014-09-04,2140.0,2150.0,2155.0,2160.0,,,,,,,,
2014-09-03,2110.0,2120.0,2125.0,2135.0,,,,,,,,
2014-09-02,2105.0,2115.0,2120.0,2130.0,,,,,,,,
2014-09-01,2095.0,2105.0,2110.0,2120.0,,,,,,,,
2014-08-29,2055.0,2060.0,2070.0,2075.0,,,2070.0,2080.0,,,,
2014-08-28,2075.0,2085.0,2095.0,2105.0,,,2100.0,2110.0,,,,
2014-08-27,2085.0,2095.0,2100.0,2110.0,,,2105.0,2115.0,,,,
2014-08-26,2035.0,2045.0,2050.0,2060.0,,,2055.0,2065.0,,,,
2014-08-22,2050.0,2060.0,2065.0,2075.0,,,2070.0,2080.0,,,,
2014-08-21,2045.0,2055.0,2060.0,2070.0,,,2065.0,2075.0,,,,
2014-08-20,2015.0,2025.0,2030.0,2040.0,,,2035.0,2045.0,,,,
2014-08-19,2015.0,2025.0,2030.0,2040.0,,,2035.0,2045.0,,,,
2014-08-18,1990.0,1990.5,2000.0,2005.0,,,2005.0,2015.0,,,,
2014-08-15,1990.0,2000.0,2005.0,2015.0,,,2010.0,2020.0,,,,
2014-08-14,1985.0,1995.0,2005.0,2015.0,,,2010.0,2020.0,,,,
2014-08-13,1995.0,2000.0,2015.0,2020.0,,,2020.0,2030.0,,,,
2014-08-12,1980.0,1990.0,2000.0,2010.0,,,2005.0,2015.0,,,,
2014-08-11,1980.0,1990.0,2000.0,2005.0,,,2005.0,2015.0,,,,
2014-08-08,1980.0,1990.0,1995.0,2005.0,,,2000.0,2010.0,,,,
2014-08-07,1960.0,1970.0,1980.0,1990.0,,,1985.0,1995.0,,,,
2014-08-06,1960.0,1970.0,1980.0,1990.0,,,1990.0,2000.0,,,,
2014-08-05,1950.0,1960.0,1970.0,1975.0,,,1975.0,1985.0,,,,
2014-08-04,1955.0,1965.0,1970.0,1980.0,,,1980.0,1990.0,,,,
2014-08-01,1950.0,1960.0,1970.0,1971.0,,,1975.0,1985.0,,,,
2014-07-31,1965.0,1975.0,1984.0,1986.0,,,1990.0,2000.0,,,,
2014-07-30,1975.0,1985.0,1990.0,2000.0,,,2000.0,2010.0,,,,
2014-07-29,1980.0,1990.0,1990.0,2000.0,,,2000.0,2010.0,,,,
2014-07-28,1985.0,1995.0,2000.0,2010.0,,,2010.0,2020.0,,,,
2014-07-25,2000.0,2010.0,2010.0,2020.0,,,2020.0,2030.0,,,,
2014-07-24,1970.0,1980.0,1990.0,2000.0,,,2000.0,2010.0,,,,
2014-07-23,1970.0,1980.0,1990.0,2000.0,,,2000.0,2010.0,,,,
2014-07-22,1945.0,1950.0,1965.0,1975.0,,,1975.0,1985.0,,,,
2014-07-21,1970.0,1980.0,1990.0,2000.0,,,2000.0,2010.0,,,,
2014-07-18,1960.0,1970.0,1980.0,1990.0,,,1990.0,2000.0,,,,
2014-07-17,1955.0,1965.0,1975.0,1985.0,,,1985.0,1995.0,,,,
2014-07-16,1960.0,1970.0,1980.0,1990.0,,,1990.0,2000.0,,,,
2014-07-15,1970.0,1980.0,1980.0,1990.0,,,1995.0,2005.0,,,,
2014-07-14,1970.0,1980.0,1980.0,1990.0,,,2000.0,2010.0,,,,
2014-07-11,1970.0,1980.0,1980.0,1990.0,,,2000.0,2010.0,,,,
2014-07-10,1950.0,1960.0,1980.0,1990.0,,,2000.0,2010.0,,,,
2014-07-09,1985.0,1995.0,1990.0,2000.0,,,2010.0,2020.0,,,,
2014-07-08,1985.0,1995.0,1990.0,2000.0,,,2010.0,2020.0,,,,
2014-07-07,1980.0,1990.0,1990.0,2000.0,,,2010.0,2020.0,,,,
2014-07-04,1990.0,2000.0,1995.0,2005.0,,,2015.0,2025.0,,,,
2014-07-03,1990.0,2000.0,1995.0,2005.0,,,2015.0,2025.0,,,,
2014-07-02,1985.0,1995.0,1990.0,2000.0,,,2010.0,2020.0,,,,
2014-07-01,1985.0,1995.0,1990.0,2000.0,,,2010.0,2020.0,,,,
2014-06-30,1985.0,1986.0,1990.0,2000.0,,,2010.0,2020.0,,,,
2014-06-27,2005.0,2015.0,2000.0,2010.0,,,2020.0,2030.0,,,,
2014-06-26,1985.0,1990.0,1990.0,1990.5,,,2005.0,2015.0,,,,
2014-06-25,1989.5,1990.0,1985.0,1995.0,,,2005.0,2015.0,,,,
2014-06-24,1990.0,1991.0,2000.0,2005.0,,,2025.0,2035.0,,,,
2014-06-23,1970.0,1975.0,1990.0,1995.0,,,2010.0,2020.0,,,,
2014-06-20,1970.0,1980.0,1995.0,2000.0,,,2015.0,2025.0,,,,
2014-06-19,1990.0,2000.0,1990.0,2000.0,,,2015.0,2025.0,,,,
2014-06-18,1990.0,2000.0,1990.0,2000.0,,,2015.0,2025.0,,,,
2014-06-17,1940.0,1950.0,1960.0,1970.0,,,1985.0,1995.0,,,,
2014-06-16,1945.0,1955.0,1980.0,1990.0,,,2005.0,2015.0,,,,
2014-06-13,1970.0,1975.0,1980.0,1985.0,,,2005.0,2015.0,,,,
2014-06-12,1970.0,1975.0,1970.0,1975.0,,,1995.0,2005.0,,,,
2014-06-11,1955.0,1960.0,1955.0,1965.0,,,1980.0,1990.0,,,,
2014-06-10,1975.0,1980.0,1990.0,1995.0,,,2015.0,2025.0,,,,
2014-06-09,1969.0,1971.0,1965.0,1970.0,,,1990.0,2000.0,,,,
2014-06-06,1960.0,1970.0,1960.0,1970.0,,,1990.0,2000.0,,,,
2014-06-05,1980.0,1981.0,2000.0,2010.0,,,2030.0,2040.0,,,,
2014-06-04,1910.0,1920.0,1940.0,1950.0,,,1970.0,1980.0,,,,
2014-06-03,1950.0,1960.0,1980.0,1990.0,,,2010.0,2020.0,,,,
2014-06-02,1905.0,1910.0,1930.0,1940.0,,,1960.0,1970.0,,,,
2014-05-30,1970.0,1971.0,2010.0,2020.0,,,2040.0,2050.0,,,,
2014-05-29,1970.0,1980.0,2000.0,2010.0,,,2030.0,2040.0,,,,
2014-05-28,1980.0,1985.0,2000.0,2010.0,,,2030.0,2040.0,,,,
2014-05-27,1930.0,1931.0,1960.0,1970.0,,,1990.0,2000.0,,,,
2014-05-23,1979.5,1980.5,2005.0,2015.0,,,2035.0,2045.0,,,,
2014-05-22,1915.0,1925.0,1945.0,1955.0,,,1975.0,1985.0,,,,
2014-05-21,1900.0,1901.0,1930.0,1940.0,,,1960.0,1970.0,,,,
2014-05-20,1890.0,1900.0,1930.0,1935.0,,,1960.0,1970.0,,,,
2014-05-19,1900.0,1901.0,1930.0,1935.0,,,1960.0,1970.0,,,,
2014-05-16,1880.0,1900.0,1910.0,1930.0,,,1950.0,1960.0,,,,
2014-05-15,1890.0,1900.0,1930.0,1935.0,,,1965.0,1975.0,,,,
2014-05-14,1890.0,1900.0,1920.0,1930.0,,,1955.0,1965.0,,,,
2014-05-13,1885.0,1895.0,1915.0,1925.0,,,1950.0,1960.0,,,,
2014-05-12,1890.0,1900.0,1920.0,1930.0,,,1955.0,1965.0,,,,
2014-05-09,1890.0,1900.0,1920.0,1930.0,,,1955.0,1965.0,,,,
2014-05-08,1899.0,1900.0,1935.0,1940.0,,,1970.0,1980.0,,,,
2014-05-07,1855.0,1865.0,1890.0,1900.0,,,1925.0,1935.0,,,,
2014-05-06,1860.0,1861.0,1890.0,1895.0,,,1925.0,1935.0,,,,
2014-05-02,1850.0,1850.5,1885.0,1895.0,,,1925.0,1935.0,,,,
2014-05-01,1880.0,1890.0,1920.0,1930.0,,,1960.0,1970.0,,,,
2014-04-30,1905.0,1915.0,1940.0,1950.0,,,1980.0,1990.0,,,,
2014-04-29,1895.0,1905.0,1930.0,1940.0,,,1970.0,1980.0,,,,
2014-04-28,1895.0,1905.0,1930.0,1940.0,,,1970.0,1980.0,,,,
2014-04-25,1880.0,1890.0,1915.0,1925.0,,,1955.0,1965.0,,,,
2014-04-24,1900.5,1901.5,1949.0,1950.0,,,1985.0,1995.0,,,,
2014-04-23,1900.0,1910.0,1935.0,1945.0,,,1975.0,1985.0,,,,
2014-04-22,1880.0,1890.0,1910.0,1920.0,,,1950.0,1960.0,,,,
2014-04-17,1875.0,1885.0,1910.0,1920.0,,,1955.0,1965.0,,,,
2014-04-16,1855.0,1865.0,1890.0,1900.0,,,1935.0,1945.0,,,,
2014-04-15,1860.0,1861.0,1895.0,1900.0,,,1935.0,1945.0,,,,
2014-04-14,1920.0,1930.0,1950.0,1960.0,,,1995.0,2005.0,,,,
2014-04-11,1865.0,1870.0,1900.0,1900.5,,,1940.0,1950.0,,,,
2014-04-10,1890.0,1900.0,1920.0,1930.0,,,1965.0,1975.0,,,,
2014-04-09,1885.0,1886.0,1915.0,1920.0,,,1960.0,1970.0,,,,
2014-04-08,1900.0,1910.0,1935.0,1945.0,,,1980.0,1990.0,,,,
2014-04-07,1900.0,1910.0,1930.0,1940.0,,,1975.0,1985.0,,,,
2014-04-04,1880.0,1881.0,1910.0,1915.0,,,1955.0,1965.0,,,,
2014-04-03,1895.0,1905.0,1925.0,1935.0,,,1975.0,1985.0,,,,
2014-04-02,1895.0,1905.0,1925.0,1935.0,,,1975.0,1985.0,,,,
2014-04-01,1870.0,1871.0,1895.0,1905.0,,,1945.0,1955.0,,,,
2014-03-31,1890.0,1900.0,1920.0,1930.0,,,1970.0,1980.0,,,,
2014-03-28,1900.0,1910.0,1930.0,1940.0,,,1980.0,1990.0,,,,
2014-03-27,1900.0,1910.0,1930.0,1940.0,,,1980.0,1990.0,,,,
2014-03-26,1885.0,1895.0,1915.0,1925.0,,,1965.0,1975.0,,,,
2014-03-25,1860.0,1870.0,1890.0,1900.0,,,1945.0,1955.0,,,,
2014-03-24,1860.0,1870.0,1890.0,1900.0,,,1945.0,1955.0,,,,
2014-03-21,1845.0,1855.0,1875.0,1885.0,,,1930.0,1940.0,,,,
2014-03-20,1830.0,1840.0,1870.0,1880.0,,,1925.0,1935.0,,,,
2014-03-19,1830.0,1840.0,1865.0,1875.0,,,1920.0,1930.0,,,,
2014-03-18,1830.0,1840.0,1865.0,1875.0,,,1920.0,1930.0,,,,
2014-03-17,1835.0,1845.0,1865.0,1875.0,,,1920.0,1930.0,,,,
2014-03-14,1825.0,1835.0,1860.0,1870.0,,,1915.0,1925.0,,,,
2014-03-13,1825.0,1835.0,1860.0,1870.0,,,1915.0,1925.0,,,,
2014-03-12,1825.0,1826.0,1860.0,1865.0,,,1915.0,1925.0,,,,
2014-03-11,1840.0,1841.0,1875.0,1880.0,,,1930.0,1940.0,,,,
2014-03-10,1845.0,1855.0,1875.0,1885.0,,,1935.0,1945.0,,,,
2014-03-07,1855.0,1865.0,1885.0,1895.0,,,1945.0,1955.0,,,,
2014-03-06,1815.0,1816.0,1845.0,1850.0,,,1905.0,1915.0,,,,
2014-03-05,1835.0,1845.0,1865.0,1875.0,,,1925.0,1935.0,,,,
2014-03-04,1770.0,1780.0,1820.0,1830.0,,,1880.0,1890.0,,,,
2014-03-03,1795.0,1805.0,1825.0,1835.0,,,1885.0,1895.0,,,,
2014-02-28,1801.0,1802.0,1830.0,1835.0,,,1890.0,1900.0,,,,
2014-02-27,1795.0,1796.0,1820.0,1830.0,,,1885.0,1895.0,,,,
2014-02-26,1800.0,1810.0,1830.0,1840.0,,,1895.0,1905.0,,,,
2014-02-25,1795.0,1800.0,1825.0,1830.0,,,1890.0,1900.0,,,,
2014-02-24,1800.0,1805.0,1830.0,1840.0,,,1895.0,1905.0,,,,
2014-02-21,1810.0,1820.0,1840.0,1850.0,,,1910.0,1920.0,,,,
2014-02-20,1780.0,1790.0,1810.0,1820.0,,,1875.0,1885.0,,,,
2014-02-19,1780.0,1785.0,1820.0,1830.0,,,1890.0,1900.0,,,,
2014-02-18,1815.0,1820.0,1830.0,1835.0,,,1895.0,1905.0,,,,
2014-02-17,1780.0,1790.0,1810.0,1820.0,,,1880.0,1890.0,,,,
2014-02-14,1780.0,1781.0,1810.0,1815.0,,,1875.0,1885.0,,,,
2014-02-13,1770.0,1771.0,1795.0,1805.0,,,1865.0,1875.0,,,,
2014-02-12,1775.0,1785.0,1805.0,1815.0,,,1875.0,1885.0,,,,
2014-02-11,1770.0,1780.0,1800.0,1810.0,,,1870.0,1880.0,,,,
2014-02-10,1760.0,1765.0,1795.0,1805.0,,,1865.0,1875.0,,,,
2014-02-07,1750.0,1760.0,1785.0,1795.0,,,1855.0,1865.0,,,,
2014-02-06,1745.0,1755.0,1780.0,1790.0,,,1850.0,1860.0,,,,
2014-02-05,1745.0,1755.0,1780.0,1790.0,,,1850.0,1860.0,,,,
2014-02-04,1750.0,1760.0,1785.0,1795.0,,,1855.0,1865.0,,,,
2014-02-03,1755.0,1765.0,1790.0,1800.0,,,1865.0,1875.0,,,,
2014-01-31,1780.0,1790.0,1815.0,1825.0,,,1890.0,1900.0,,,,
2014-01-30,1785.0,1790.0,1820.0,1830.0,,,1895.0,1905.0,,,,
2014-01-29,1790.0,1795.0,1830.0,1840.0,,,1905.0,1915.0,,,,
2014-01-28,1805.0,1810.0,1835.0,1845.0,,,1910.0,1920.0,,,,
2014-01-27,1795.0,1805.0,1835.0,1845.0,,,1910.0,1920.0,,,,
2014-01-24,1819.0,1820.0,1850.0,1855.0,,,1925.0,1935.0,,,,
2014-01-23,1785.0,1795.0,1825.0,1835.0,,,1900.0,1910.0,,,,
2014-01-22,1825.0,1830.0,1860.0,1865.0,,,1940.0,1950.0,,,,
2014-01-21,1785.0,1795.0,1820.0,1830.0,,,1895.0,1905.0,,,,
2014-01-20,1830.0,1835.0,1865.0,1870.0,,,1940.0,1950.0,,,,
2014-01-17,1780.0,1790.0,1815.0,1825.0,,,1895.0,1905.0,,,,
2014-01-16,1770.0,1770.5,1810.0,1820.0,,,1890.0,1900.0,,,,
2014-01-15,1758.0,1765.0,1795.0,1805.0,,,1875.0,1885.0,,,,
2014-01-14,1765.0,1775.0,1805.0,1815.0,,,1885.0,1895.0,,,,
2014-01-13,1760.0,1770.0,1790.0,1800.0,,,1870.0,1880.0,,,,
2014-01-10,1765.0,1770.0,1805.0,1810.0,,,1885.0,1895.0,,,,
2014-01-09,1783.0,1785.0,1810.0,1820.0,,,1890.0,1900.0,,,,
2014-01-08,1805.0,1809.0,1830.0,1840.0,,,1910.0,1920.0,,,,
2014-01-07,1800.0,1805.0,1835.0,1840.0,,,1920.0,1930.0,,,,
2014-01-06,1765.0,1775.0,1800.0,1810.0,,,1885.0,1895.0,,,,
2014-01-03,1775.0,1785.0,1810.0,1820.0,,,1895.0,1905.0,,,,
2014-01-02,1780.0,1790.0,1810.0,1820.0,,,1895.0,1905.0,,,,
2013-12-31,1815.0,1820.0,1850.0,1860.0,,,1935.0,1945.0,,,,
2013-12-30,1800.0,1810.0,1835.0,1845.0,,,1920.0,1930.0,,,,
2013-12-27,1805.0,1815.0,1840.0,1850.0,,,1930.0,1940.0,,,,
2013-12-24,1790.0,1800.0,1805.0,1815.0,,,1895.0,1905.0,,,,
2013-12-23,1780.0,1790.0,1815.0,1825.0,,,1905.0,1915.0,,,,
2013-12-20,1814.0,1815.0,1840.0,1845.0,,,1930.0,1940.0,,,,
2013-12-19,1780.0,1781.0,1810.0,1820.0,,,1900.0,1910.0,,,,
2013-12-18,1795.0,1800.0,1830.0,1840.0,,,1920.0,1930.0,,,,
2013-12-17,1790.0,1800.0,1825.0,1835.0,,,1915.0,1925.0,,,,
2013-12-16,1795.0,1805.0,1830.0,1840.0,,,1920.0,1930.0,,,,
2013-12-13,1795.0,1805.0,1830.0,1840.0,,,1925.0,1935.0,,,,
2013-12-12,1795.0,1805.0,1830.0,1840.0,,,1925.0,1935.0,,,,
2013-12-11,1800.0,1805.0,1835.0,1845.0,,,1930.0,1940.0,,,,
2013-12-10,1790.0,1800.0,1830.0,1840.0,,,1925.0,1935.0,,,,
2013-12-09,1790.0,1800.0,1830.0,1840.0,,,1925.0,1935.0,,,,
2013-12-06,1770.0,1780.0,1805.0,1815.0,,,1900.0,1910.0,,,,
2013-12-05,1755.0,1765.0,1790.0,1800.0,,,1885.0,1895.0,,,,
2013-12-04,1760.0,1765.0,1795.0,1800.0,,,1890.0,1900.0,,,,
2013-12-03,1760.0,1765.0,1790.0,1795.0,,,1885.0,1895.0,,,,
2013-12-02,1740.0,1750.0,1780.0,1790.0,,,1875.0,1885.0,,,,
2013-11-29,1750.0,1760.0,1790.0,1800.0,,,1890.0,1900.0,,,,
2013-11-28,1760.0,1765.0,1800.0,1810.0,,,1900.0,1910.0,,,,
2013-11-27,1735.0,1745.0,1775.0,1783.0,,,1875.0,1885.0,,,,
2013-11-26,1745.0,1755.0,1785.0,1795.0,,,1885.0,1895.0,,,,
2013-11-25,1745.0,1750.0,1786.0,1788.0,,,1880.0,1890.0,,,,
2013-11-22,1760.0,1765.0,1794.5,1795.5,,,1890.0,1900.0,,,,
2013-11-21,1754.5,1755.0,1790.0,1795.0,,,1890.0,1900.0,,,,
2013-11-20,1750.0,1751.0,1785.0,1790.0,,,1885.0,1895.0,,,,
2013-11-19,1750.0,1755.0,1790.0,1795.0,,,1890.0,1900.0,,,,
2013-11-18,1750.0,1755.0,1780.0,1790.0,,,1885.0,1895.0,,,,
2013-11-15,1740.0,1750.0,1780.0,1785.0,,,1885.0,1895.0,,,,
2013-11-14,1741.0,1742.0,1775.0,1780.0,,,1880.0,1890.0,,,,
2013-11-13,1770.0,1775.0,1800.0,1805.0,,,1905.0,1915.0,,,,
2013-11-12,1790.0,1791.0,1815.0,1820.0,,,1920.0,1930.0,,,,
2013-11-11,1770.0,1780.0,1805.0,1815.0,,,1910.0,1920.0,,,,
2013-11-08,1751.0,1752.0,1800.0,1810.0,,,1910.0,1920.0,,,,
2013-11-07,1770.0,1780.0,1805.0,1815.0,,,1915.0,1925.0,,,,
2013-11-06,1780.0,1790.0,1810.0,1820.0,,,1920.0,1930.0,,,,
2013-11-05,1775.0,1785.0,1810.0,1820.0,,,1920.0,1930.0,,,,
2013-11-04,1780.0,1790.0,1815.0,1825.0,,,1925.0,1935.0,,,,
2013-11-01,1790.0,1800.0,1825.0,1835.0,,,1935.0,1945.0,,,,
2013-10-31,1805.0,1815.0,1840.0,1850.0,,,1950.0,1960.0,,,,
2013-10-30,1810.0,1820.0,1850.0,1860.0,,,1960.0,1970.0,,,,
2013-10-29,1825.0,1835.0,1860.0,1870.0,,,1970.0,1980.0,,,,
2013-10-28,1810.0,1820.0,1845.0,1855.0,,,1955.0,1965.0,,,,
2013-10-25,1780.0,1790.0,1820.0,1830.0,,,1935.0,1945.0,,,,
2013-10-24,1750.0,1755.0,1800.0,1805.0,,,1910.0,1920.0,,,,
2013-10-23,1785.0,1795.0,1820.0,1830.0,,,1935.0,1945.0,,,,
2013-10-22,1795.0,1805.0,1830.0,1840.0,,,1945.0,1955.0,,,,
2013-10-21,1795.0,1805.0,1830.0,1835.0,,,1940.0,1950.0,,,,
2013-10-18,1780.0,1790.0,1815.0,1825.0,,,1930.0,1940.0,,,,
2013-10-17,1785.0,1795.0,1820.0,1830.0,,,1935.0,1945.0,,,,
2013-10-16,1770.0,1780.0,1810.0,1820.0,,,1925.0,1935.0,,,,
2013-10-15,1800.0,1810.0,1825.0,1835.0,,,1940.0,1950.0,,,,
2013-10-14,1800.0,1810.0,1830.0,1840.0,,,1945.0,1955.0,,,,
2013-10-11,1790.0,1800.0,1830.0,1840.0,,,1950.0,1960.0,,,,
2013-10-10,1795.0,1805.0,1825.0,1835.0,,,1945.0,1955.0,,,,
2013-10-09,1795.0,1805.0,1830.0,1835.0,,,1945.0,1955.0,,,,
2013-10-08,1795.0,1805.0,1825.0,1835.0,,,1945.0,1955.0,,,,
2013-10-07,1775.0,1785.0,1810.0,1820.0,,,1930.0,1940.0,,,,
2013-10-04,1785.0,1795.0,1815.0,1825.0,,,1935.0,1945.0,,,,
2013-10-03,1790.0,1800.0,1815.0,1825.0,,,1935.0,1945.0,,,,
2013-10-02,1795.0,1800.0,1820.0,1830.0,,,1940.0,1950.0,,,,
2013-10-01,1770.0,1775.0,1805.0,1815.0,,,1925.0,1935.0,,,,
2013-09-30,1780.0,1790.0,1810.0,1820.0,,,,,,,,
2013-09-27,1760.0,1760.5,1800.0,1810.0,,,,,,,,
2013-09-26,1770.0,1780.0,1800.0,1810.0,,,,,,,,
2013-09-25,1755.0,1755.5,1785.0,1790.0,,,,,,,,
2013-09-24,1765.0,1770.0,1805.0,1815.0,,,,,,,,
2013-09-23,1785.0,1795.0,1815.0,1825.0,,,,,,,,
2013-09-20,1790.0,1800.0,1810.0,1820.0,,,,,,,,
2013-09-19,1800.0,1810.0,1825.0,1835.0,,,,,,,,
2013-09-18,1765.0,1770.0,1790.0,1800.0,,,,,,,,
2013-09-17,1770.0,1780.0,1800.0,1810.0,,,,,,,,
2013-09-16,1770.0,1780.0,1800.0,1810.0,,,,,,,,
2013-09-13,1780.0,1790.0,1805.0,1815.0,,,,,,,,
2013-09-12,1785.0,1795.0,1820.0,1830.0,,,,,,,,
2013-09-11,1765.0,1775.0,1800.0,1810.0,,,,,,,,
2013-09-10,1775.0,1785.0,1810.0,1820.0,,,,,,,,
2013-09-09,1765.0,1775.0,1810.0,1815.0,,,,,,,,
2013-09-06,1794.0,1796.0,1835.0,1840.0,,,,,,,,
2013-09-05,1755.0,1760.0,1795.0,1800.0,,,,,,,,
2013-09-04,1750.0,1760.0,1790.0,1800.0,,,,,,,,
2013-09-03,1745.0,1755.0,1785.0,1795.0,,,,,,,,
2013-09-02,1755.0,1760.0,1795.0,1800.0,,,,,,,,
2013-08-30,1770.0,1780.0,1800.0,1805.0,,,1900.0,1910.0,,,,
2013-08-29,1740.0,1750.0,1770.0,1780.0,,,1870.0,1880.0,,,,
2013-08-28,1765.0,1770.0,1825.0,1830.0,,,1925.0,1935.0,,,,
2013-08-27,1760.0,1765.0,1790.0,1800.0,,,1890.0,1900.0,,,,
2013-08-23,1730.0,1731.0,1760.0,1770.0,,,1865.0,1875.0,,,,
2013-08-22,1760.0,1765.0,1790.0,1800.0,,,1895.0,1905.0,,,,
2013-08-21,1760.0,1770.0,1790.0,1800.0,,,1895.0,1905.0,,,,
2013-08-20,1770.0,1780.0,1800.0,1810.0,,,1905.0,1915.0,,,,
2013-08-19,1770.0,1780.0,1800.0,1810.0,,,1905.0,1915.0,,,,
2013-08-16,1775.0,1785.0,1805.0,1810.0,,,1910.0,1920.0,,,,
2013-08-15,1775.0,1785.0,1805.0,1815.0,,,1910.0,1920.0,,,,
2013-08-14,1775.0,1785.0,1805.0,1815.0,,,1910.0,1920.0,,,,
2013-08-13,1775.0,1785.0,1805.0,1815.0,,,1910.0,1920.0,,,,
2013-08-12,1775.0,1785.0,1800.0,1810.0,,,1905.0,1915.0,,,,
2013-08-09,1775.0,1785.0,1805.0,1815.0,,,1910.0,1920.0,,,,
2013-08-08,1765.0,1775.0,1795.0,1805.0,,,1900.0,1910.0,,,,
2013-08-07,1750.0,1760.0,1785.0,1795.0,,,1890.0,1900.0,,,,
2013-08-06,1745.0,1755.0,1785.0,1795.0,,,1890.0,1900.0,,,,
2013-08-05,1750.0,1750.5,1780.0,1790.0,,,1885.0,1895.0,,,,
2013-08-02,1765.0,1770.0,1800.0,1810.0,,,1905.0,1915.0,,,,
2013-08-01,1770.0,1780.0,1805.0,1815.0,,,1910.0,1920.0,,,,
2013-07-31,1755.0,1765.0,1795.0,1800.0,,,1900.0,1910.0,,,,
2013-07-30,1774.0,1775.0,1800.0,1805.0,,,1905.0,1915.0,,,,
2013-07-29,1745.0,1746.0,1775.0,1780.0,,,1880.0,1890.0,,,,
2013-07-26,1760.0,1770.0,1790.0,1800.0,,,1895.0,1905.0,,,,
2013-07-25,1765.0,1775.0,1795.0,1805.0,,,1900.0,1910.0,,,,
2013-07-24,1800.0,1810.0,1820.0,1830.0,,,1925.0,1935.0,,,,
2013-07-23,1750.0,1751.0,1775.0,1785.0,,,1885.0,1895.0,,,,
2013-07-22,1760.0,1770.0,1790.0,1800.0,,,1900.0,1910.0,,,,
2013-07-19,1780.0,1785.0,1810.0,1820.0,,,1920.0,1930.0,,,,
2013-07-18,1745.0,1755.0,1775.0,1785.0,,,1885.0,1895.0,,,,
2013-07-17,1745.0,1755.0,1780.0,1790.0,,,1895.0,1905.0,,,,
2013-07-16,1750.0,1760.0,1780.0,1785.0,,,1890.0,1900.0,,,,
2013-07-15,1765.0,1775.0,1800.0,1810.0,,,1915.0,1925.0,,,,
2013-07-12,1770.0,1780.0,1800.0,1810.0,,,1915.0,1925.0,,,,
2013-07-11,1785.0,1795.0,1815.0,1825.0,,,1930.0,1940.0,,,,
2013-07-10,1785.0,1795.0,1815.0,1825.0,,,1930.0,1940.0,,,,
2013-07-09,1765.0,1775.0,1795.0,1805.0,,,1910.0,1920.0,,,,
2013-07-08,1770.0,1780.0,1800.0,1810.0,,,1915.0,1925.0,,,,
2013-07-05,1780.0,1790.0,1810.0,1820.0,,,1925.0,1935.0,,,,
2013-07-04,1800.0,1810.0,1835.0,1845.0,,,1990.0,2000.0,,,,
2013-07-03,1800.0,1810.0,1835.0,1845.0,,,1950.0,1960.0,,,,
2013-07-02,1805.0,1815.0,1840.0,1845.0,,,1955.0,1965.0,,,,
2013-07-01,1780.0,1790.0,1810.0,1820.0,,,1925.0,1935.0,,,,
2013-06-28,1775.0,1785.0,1805.0,1815.0,,,1925.0,1935.0,,,,
2013-06-27,1770.0,1790.0,1810.0,1820.0,,,1930.0,1940.0,,,,
2013-06-26,1765.0,1775.0,1800.0,1810.0,,,1920.0,1930.0,,,,
2013-06-25,1765.0,1770.0,1800.0,1810.0,,,1920.0,1930.0,,,,
2013-06-24,1741.0,1742.0,1770.0,1780.0,,,1890.0,1900.0,,,,
2013-06-21,1750.0,1760.0,1790.0,1795.0,,,1910.0,1920.0,,,,
2013-06-20,1760.0,1770.0,1795.0,1805.0,,,1915.0,1925.0,,,,
2013-06-19,1745.0,1746.0,1780.0,1790.0,,,1865.0,1875.0,,,,
2013-06-18,1770.0,1780.0,1805.0,1815.0,,,1890.0,1900.0,,,,
2013-06-17,1820.0,1830.0,1840.0,1850.0,,,1925.0,1935.0,,,,
2013-06-14,1840.0,1850.0,1860.0,1870.0,,,1945.0,1955.0,,,,
2013-06-13,1840.0,1845.0,1845.0,1850.0,,,1930.0,1940.0,,,,
2013-06-12,1820.0,1830.0,1840.0,1850.0,,,1925.0,1935.0,,,,
2013-06-11,1820.0,1830.0,1840.0,1850.0,,,1925.0,1935.0,,,,
2013-06-10,1850.0,1860.0,1870.0,1880.0,,,1955.0,1965.0,,,,
2013-06-07,1850.0,1860.0,1870.0,1880.0,,,1960.0,1970.0,,,,
2013-06-06,1825.0,1835.0,1850.0,1855.0,,,1935.0,1945.0,,,,
2013-06-05,1820.0,1830.0,1850.0,1860.0,,,1940.0,1950.0,,,,
2013-06-04,1790.0,1800.0,1820.0,1830.0,,,1910.0,1920.0,,,,
2013-06-03,1809.0,1810.0,1830.0,1840.0,,,1920.0,1930.0,,,,
2013-05-31,1795.0,1805.0,1815.0,1825.0,,,1905.0,1915.0,,,,
2013-05-30,1780.0,1790.0,1800.0,1810.0,,,1890.0,1900.0,,,,
2013-05-29,1780.0,1790.0,1800.0,1810.0,,,1890.0,1900.0,,,,
2013-05-28,1780.0,1790.0,1800.0,1810.0,,,1890.0,1900.0,,,,
2013-05-24,1780.0,1790.0,1800.0,1810.0,,,1890.0,1900.0,,,,
2013-05-23,1770.0,1780.0,1790.0,1800.0,,,1880.0,1890.0,,,,
2013-05-22,1770.0,1780.0,1790.0,1800.0,,,1880.0,1890.0,,,,
2013-05-21,1775.0,1785.0,1795.0,1805.0,,,1885.0,1895.0,,,,
2013-05-20,1780.0,1790.0,1800.0,1810.0,,,1890.0,1900.0,,,,
2013-05-17,1760.0,1780.0,1780.0,1800.0,,,1880.0,1890.0,,,,
2013-05-16,1755.0,1765.0,1775.0,1785.0,,,1870.0,1880.0,,,,
2013-05-15,1745.0,1755.0,1765.0,1775.0,,,1860.0,1870.0,,,,
2013-05-14,1740.0,1750.0,1760.0,1770.0,,,1855.0,1865.0,,,,
2013-05-13,1741.0,1742.0,1760.0,1765.0,,,1855.0,1865.0,,,,
2013-05-10,1770.0,1780.0,1790.0,1800.0,,,1885.0,1895.0,,,,
2013-05-09,1770.0,1780.0,1790.0,1800.0,,,1885.0,1895.0,,,,
2013-05-08,1770.0,1780.0,1790.0,1800.0,,,1885.0,1895.0,,,,
2013-05-07,1750.0,1760.0,1770.0,1780.0,,,1865.0,1875.0,,,,
2013-05-03,1730.0,1750.0,1750.0,1770.0,,,1850.0,1860.0,,,,
2013-05-02,1720.0,1740.0,1740.0,1760.0,,,1845.0,1855.0,,,,
2013-05-01,1760.0,1770.0,1780.0,1790.0,,,1875.0,1885.0,,,,
2013-04-30,1780.0,1790.0,1800.0,1810.0,,,1900.0,1910.0,,,,
2013-04-29,1790.0,1800.0,1810.0,1820.0,,,1905.0,1915.0,,,,
2013-04-26,1810.0,1820.0,1810.0,1820.0,,,1905.0,1915.0,,,,
2013-04-25,1775.0,1776.0,1810.0,1820.0,,,1910.0,1920.0,,,,
2013-04-24,1790.0,1800.0,1810.0,1815.0,,,1905.0,1915.0,,,,
2013-04-23,1798.0,1799.0,1790.0,1800.0,,,1890.0,1900.0,,,,
2013-04-22,1785.0,1795.0,1800.0,1810.0,,,1900.0,1910.0,,,,
2013-04-19,1780.0,1790.0,1795.0,1805.0,,,1895.0,1905.0,,,,
2013-04-18,1785.0,1795.0,1800.0,1810.0,,,1900.0,1910.0,,,,
2013-04-17,1760.0,1770.0,1775.0,1785.0,,,1875.0,1885.0,,,,
2013-04-16,1785.0,1795.0,1800.0,1810.0,,,1900.0,1910.0,,,,
2013-04-15,1745.0,1755.0,1760.0,1770.0,,,1860.0,1870.0,,,,
2013-04-12,1775.0,1785.0,1790.0,1800.0,,,1890.0,1900.0,,,,
2013-04-11,1795.0,1800.0,1790.0,1800.0,,,1890.0,1900.0,,,,
2013-04-10,1785.0,1790.0,1800.0,1810.0,,,1900.0,1910.0,,,,
2013-04-09,1770.0,1780.0,1790.0,1800.0,,,1880.0,1890.0,,,,
2013-04-08,1790.0,1800.0,1790.0,1800.0,,,1880.0,1890.0,,,,
2013-04-05,1780.0,1800.0,1790.0,1810.0,,,1885.0,1895.0,,,,
2013-04-04,1750.0,1760.0,1760.0,1770.0,,,1850.0,1860.0,,,,
2013-04-03,1770.0,1780.0,1780.0,1790.0,,,1870.0,1880.0,,,,
2013-04-02,1789.0,1790.0,1795.0,1805.0,,,1885.0,1895.0,,,,
2013-03-28,1802.5,1803.0,1810.0,1815.0,,,1900.0,1910.0,,,,
2013-03-27,1799.5,1800.0,1790.0,1800.0,,,1885.0,1895.0,,,,
2013-03-26,1809.5,1810.0,1815.0,1820.0,,,1905.0,1915.0,,,,
2013-03-25,1795.0,1805.0,1795.0,1805.0,,,1890.0,1900.0,,,,
2013-03-22,1810.0,1820.0,1810.0,1820.0,,,1905.0,1915.0,,,,
2013-03-21,1820.0,1830.0,1820.0,1830.0,,,1915.0,1925.0,,,,
2013-03-20,1820.0,1830.0,1820.0,1830.0,,,1915.0,1925.0,,,,
2013-03-19,1820.0,1830.0,1820.0,1830.0,,,1915.0,1925.0,,,,
2013-03-18,1839.5,1840.0,1840.0,1845.0,,,1935.0,1945.0,,,,
2013-03-15,1869.5,1870.0,1870.0,1875.0,,,1965.0,1975.0,,,,
2013-03-14,1840.0,1860.0,1840.0,1860.0,,,1940.0,1950.0,,,,
2013-03-13,1860.0,1870.0,1860.0,1870.0,,,1955.0,1965.0,,,,
2013-03-12,1860.0,1870.0,1860.0,1870.0,,,1960.0,1970.0,,,,
2013-03-11,1850.0,1860.0,1850.0,1860.0,,,1950.0,1960.0,,,,
2013-03-08,1875.0,1880.0,1865.0,1870.0,,,1960.0,1970.0,,,,
2013-03-07,1830.0,1840.0,1830.0,1840.0,,,1930.0,1940.0,,,,
2013-03-06,1830.0,1840.0,1830.0,1840.0,,,1930.0,1940.0,,,,
2013-03-05,1840.0,1850.0,1840.0,1850.0,,,1940.0,1950.0,,,,
2013-03-04,1850.0,1860.0,1855.0,1865.0,,,1955.0,1965.0,,,,
2013-03-01,1815.0,1825.0,1820.0,1825.0,,,1920.0,1930.0,,,,
2013-02-28,1840.0,1845.0,1860.0,1870.0,,,1960.0,1970.0,,,,
2013-02-27,1870.0,1880.0,1880.0,1890.0,,,1980.0,1990.0,,,,
2013-02-26,1860.0,1870.0,1870.0,1880.0,,,1970.0,1980.0,,,,
2013-02-25,1890.0,1900.0,1900.0,1910.0,,,2000.0,2010.0,,,,
2013-02-22,1880.0,1890.0,1900.0,1910.0,,,2000.0,2010.0,,,,
2013-02-21,1910.0,1920.0,1910.0,1920.0,,,2010.0,2020.0,,,,
2013-02-20,1930.0,1940.0,1940.0,1950.0,,,2045.0,2055.0,,,,
2013-02-19,1880.0,1890.0,1910.0,1920.0,,,2015.0,2025.0,,,,
2013-02-18,1970.0,1980.0,2000.0,2010.0,,,2105.0,2115.0,,,,
2013-02-15,1890.0,1900.0,1920.0,1930.0,,,2025.0,2035.0,,,,
2013-02-14,1870.0,1880.0,1900.0,1910.0,,,2005.0,2015.0,,,,
2013-02-13,1850.0,1860.0,1880.0,1890.0,,,1985.0,1995.0,,,,
2013-02-12,1825.0,1830.0,1850.0,1855.0,,,1955.0,1965.0,,,,
2013-02-11,1820.0,1830.0,1850.0,1860.0,,,1955.0,1965.0,,,,
2013-02-08,1840.0,1850.0,1870.0,1880.0,,,1975.0,1985.0,,,,
2013-02-07,1829.5,1830.0,1860.0,1865.0,,,1965.0,1975.0,,,,
2013-02-06,1810.0,1820.0,1840.0,1850.0,,,1945.0,1955.0,,,,
2013-02-05,1860.0,1865.0,1885.0,1895.0,,,1990.0,2000.0,,,,
2013-02-04,1835.0,1845.0,1865.0,1875.0,,,1975.0,1985.0,,,,
2013-02-01,1815.0,1816.0,1845.0,1850.0,,,1950.0,1960.0,,,,
2013-01-31,1850.0,1855.0,1880.0,1885.0,,,1985.0,1995.0,,,,
2013-01-30,1815.0,1820.0,1845.0,1850.0,,,1950.0,1960.0,,,,
2013-01-29,1800.0,1810.0,1830.0,1840.0,,,1940.0,1950.0,,,,
2013-01-28,1805.0,1810.0,1835.0,1840.0,,,1940.0,1950.0,,,,
2013-01-25,1830.0,1835.0,1860.0,1865.0,,,1970.0,1980.0,,,,
2013-01-24,1805.0,1815.0,1835.0,1845.0,,,1945.0,1955.0,,,,
2013-01-23,1810.0,1815.0,1841.0,1842.0,,,1945.0,1955.0,,,,
2013-01-22,1790.0,1790.5,1840.0,1845.0,,,1950.0,1960.0,,,,
2013-01-21,1790.0,1800.0,1820.0,1830.0,,,1930.0,1940.0,,,,
2013-01-18,1839.0,1840.0,1870.0,1875.0,,,1980.0,1990.0,,,,
2013-01-17,1791.0,1792.0,1849.0,1850.0,,,1955.0,1965.0,,,,
2013-01-16,1790.0,1795.0,1822.0,1823.0,,,1930.0,1940.0,,,,
2013-01-15,1790.0,1800.0,1820.0,1830.0,,,1935.0,1945.0,,,,
2013-01-14,1860.0,1870.0,1890.0,1900.0,,,2005.0,2015.0,,,,
2013-01-11,1845.0,1846.0,1870.0,1875.0,,,1980.0,1990.0,,,,
2013-01-10,1884.0,1885.0,1910.0,1920.0,,,2025.0,2035.0,,,,
2013-01-09,1850.0,1860.0,1880.0,1890.0,,,1995.0,2005.0,,,,
2013-01-08,1855.0,1860.0,1885.0,1890.0,,,2000.0,2010.0,,,,
2013-01-07,1865.0,1870.0,1895.0,1905.0,,,2010.0,2020.0,,,,
2013-01-04,1895.0,1905.0,1925.0,1935.0,,,2040.0,2050.0,,,,
2013-01-03,1910.0,1920.0,1940.0,1950.0,,,2055.0,2065.0,,,,
2013-01-02,1920.0,1930.0,1950.0,1960.0,,,2065.0,2075.0,,,,
2012-12-31,1850.0,1860.0,1880.0,1890.0,,,1950.0,1960.0,,,,
2012-12-28,1905.0,1910.0,1935.0,1940.0,,,2005.0,2015.0,,,,
2012-12-27,1900.0,1910.0,1930.0,1940.0,,,2000.0,2010.0,,,,
2012-12-24,1940.0,1950.0,1970.0,1980.0,,,2040.0,2050.0,,,,
2012-12-21,1915.0,1925.0,1945.0,1955.0,,,2015.0,2025.0,,,,
2012-12-20,1905.0,1910.0,1930.0,1940.0,,,2000.0,2010.0,,,,
2012-12-19,1934.0,1935.0,1950.0,1960.0,,,2020.0,2030.0,,,,
2012-12-18,1950.0,1955.0,1975.0,1985.0,,,2050.0,2060.0,,,,
2012-12-17,1910.0,1915.0,1930.0,1940.0,,,2005.0,2015.0,,,,
2012-12-14,1900.0,1905.0,1920.0,1930.0,,,1995.0,2005.0,,,,
2012-12-13,1940.0,1950.0,1965.0,1975.0,,,2040.0,2050.0,,,,
2012-12-12,1960.0,1965.0,2000.0,2010.0,,,2075.0,2085.0,,,,
2012-12-11,1974.0,1975.0,1990.0,1995.0,,,2065.0,2075.0,,,,
2012-12-10,1965.0,1966.0,1985.0,1990.0,,,2060.0,2070.0,,,,
2012-12-07,1964.0,1964.5,1980.0,1990.0,,,2055.0,2065.0,,,,
2012-12-06,1980.0,1985.0,2005.0,2015.0,,,2080.0,2090.0,,,,
2012-12-05,1975.0,1980.0,2000.0,2005.0,,,2075.0,2085.0,,,,
2012-12-04,1980.0,1990.0,2005.0,2010.0,,,2080.0,2090.0,,,,
2012-12-03,1960.0,1961.0,1985.0,1990.0,,,2060.0,2070.0,,,,
2012-11-30,2015.0,2025.0,2040.0,2050.0,,,2120.0,2130.0,,,,
2012-11-29,1939.0,1940.0,1955.0,1965.0,,,2035.0,2045.0,,,,
2012-11-28,1895.0,1905.0,1920.0,1930.0,,,2000.0,2010.0,,,,
2012-11-27,1900.0,1910.0,1920.0,1930.0,,,2000.0,2010.0,,,,
2012-11-26,1880.0,1890.0,1905.0,1915.0,,,1985.0,1995.0,,,,
2012-11-23,1860.0,1865.0,1890.0,1895.0,,,1970.0,1980.0,,,,
2012-11-22,1880.0,1890.0,1890.0,1900.0,,,1970.0,1980.0,,,,
2012-11-21,1880.0,1890.0,1890.0,1900.0,,,1970.0,1980.0,,,,
2012-11-20,1875.0,1885.0,1900.0,1910.0,,,1980.0,1990.0,,,,
2012-11-19,1860.0,1865.0,1885.0,1895.0,,,1965.0,1975.0,,,,
2012-11-16,1879.0,1880.0,1895.0,1900.0,,,1975.0,1985.0,,,,
2012-11-15,1850.0,1860.0,1875.0,1885.0,,,1955.0,1965.0,,,,
2012-11-14,1868.5,1869.5,1885.0,1895.0,,,1965.0,1975.0,,,,
2012-11-13,1815.0,1825.0,1840.0,1850.0,,,1920.0,1930.0,,,,
2012-11-12,1834.5,1835.0,1855.0,1860.0,,,1935.0,1945.0,,,,
2012-11-09,1800.0,1810.0,1825.0,1835.0,,,1910.0,1920.0,,,,
2012-11-08,1814.0,1815.0,1815.0,1820.0,,,1895.0,1905.0,,,,
2012-11-07,1810.0,1820.0,1821.0,1822.0,,,1900.0,1910.0,,,,
2012-11-06,1809.5,1810.0,1830.0,1835.0,,,1910.0,1920.0,,,,
2012-11-05,1819.0,1820.0,1820.0,1830.0,,,1905.0,1915.0,,,,
2012-11-02,1870.0,1880.0,1860.0,1870.0,,,1945.0,1955.0,,,,
2012-11-01,1815.0,1820.0,1840.0,1845.0,,,1925.0,1935.0,,,,
2012-10-31,1780.0,1780.5,1800.0,1810.0,,,1885.0,1895.0,,,,
2012-10-30,1781.0,1782.0,1811.0,1815.0,,,1895.0,1905.0,,,,
2012-10-29,1810.0,1820.0,1819.0,1820.0,,,1900.0,1910.0,,,,
2012-10-26,1801.0,1801.5,1825.0,1830.0,,,1910.0,1920.0,,,,
2012-10-25,1780.0,1785.0,1810.0,1820.0,,,1895.0,1905.0,,,,
2012-10-24,1780.0,1781.0,1800.0,1805.0,,,1885.0,1895.0,,,,
2012-10-23,1815.0,1825.0,1840.0,1850.0,,,1925.0,1935.0,,,,
2012-10-22,1810.0,1820.0,1830.0,1840.0,,,1915.0,1925.0,,,,
2012-10-19,1790.0,1795.0,1810.0,1820.0,,,1900.0,1910.0,,,,
2012-10-18,1820.0,1825.0,1840.0,1850.0,,,1930.0,1940.0,,,,
2012-10-16,1810.0,1815.0,1830.0,1840.0,,,1920.0,1930.0,,,,
2012-10-15,1840.0,1850.0,1860.0,1870.0,,,1950.0,1960.0,,,,
2012-10-12,1850.0,1855.0,1875.0,1885.0,,,1965.0,1975.0,,,,
2012-10-11,1885.0,1890.0,1920.0,1930.0,,,2010.0,2020.0,,,,
2012-10-10,1891.0,1892.0,1910.0,1920.0,,,2000.0,2010.0,,,,
2012-10-08,1905.5,1906.0,1940.0,1950.0,,,2030.0,2040.0,,,,
2012-10-05,1985.0,1990.0,1980.0,1990.0,,,2070.0,2080.0,,,,
2012-10-04,1930.5,1931.0,1955.0,1960.0,,,2045.0,2055.0,,,,
2012-10-03,1920.0,1925.0,1950.0,1955.0,,,2040.0,2050.0,,,,
2012-10-02,1950.0,1951.0,1970.0,1975.0,,,2060.0,2070.0,,,,
2012-10-01,1945.0,1950.0,1970.0,1975.0,,,2060.0,2070.0,,,,
2012-09-28,1967.0,1968.0,1985.0,1990.0,,,2075.0,2085.0,,,,
2012-09-27,1974.0,1974.5,1960.0,1961.0,,,2050.0,2060.0,,,,
2012-09-26,1985.0,1990.0,1985.0,1990.0,,,2075.0,2085.0,,,,
2012-09-25,1950.0,1955.0,1970.0,1975.0,,,2065.0,2075.0,,,,
2012-09-24,1950.0,1955.0,1970.0,1980.0,,,2065.0,2075.0,,,,
2012-09-21,1995.0,2005.0,2015.0,2025.0,,,2110.0,2120.0,,,,
2012-09-20,1995.0,1995.5,2015.0,2025.0,,,2110.0,2120.0,,,,
2012-09-19,2025.0,2035.0,2045.0,2055.0,,,2140.0,2150.0,,,,
2012-09-18,1990.0,2000.0,2020.0,2025.0,,,2115.0,2125.0,,,,
2012-09-17,2058.0,2059.0,2080.0,2090.0,,,2175.0,2185.0,,,,
2012-09-14,1988.0,1989.0,2000.0,2005.0,,,2095.0,2105.0,,,,
2012-09-13,1920.0,1930.0,1940.0,1950.0,,,2040.0,2050.0,,,,
2012-09-12,1925.0,1935.0,1945.0,1955.0,,,2045.0,2055.0,,,,
2012-09-11,1900.0,1910.0,1920.0,1930.0,,,2020.0,2030.0,,,,
2012-09-10,1875.0,1885.0,1895.0,1905.0,,,1995.0,2005.0,,,,
2012-09-07,1830.0,1840.0,1850.0,1860.0,,,1950.0,1960.0,,,,
2012-09-06,1820.0,1830.0,1840.0,1850.0,,,1895.0,1905.0,,,,
2012-09-05,1790.0,1800.0,1810.0,1820.0,,,1860.0,1870.0,,,,
2012-09-04,1790.0,1800.0,1810.0,1820.0,,,1860.0,1870.0,,,,
2012-09-03,1760.0,1761.0,1780.0,1785.0,,,1825.0,1835.0,,,,
2012-08-31,1749.5,1750.0,1770.0,1775.0,,,1820.0,1830.0,,,,
2012-08-30,1759.0,1760.0,1780.0,1785.0,,,1830.0,1840.0,,,,
2012-08-29,1751.0,1751.5,1770.0,1775.0,,,1810.0,1820.0,,,,
2012-08-28,1755.0,1756.0,1770.0,1775.0,,,1810.0,1820.0,,,,
2012-08-24,1755.0,1760.0,1770.0,1780.0,,,1815.0,1825.0,,,,
2012-08-23,1765.0,1775.0,1785.0,1795.0,,,1830.0,1840.0,,,,
2012-08-22,1745.0,1750.0,1765.0,1770.0,,,1805.0,1815.0,,,,
2012-08-21,1725.0,1735.0,1750.0,1755.0,,,1790.0,1800.0,,,,
2012-08-20,1720.0,1725.0,1740.0,1745.0,,,1780.0,1790.0,,,,
2012-08-17,1730.0,1740.0,1745.0,1755.0,,,1790.0,1800.0,,,,
2012-08-16,1725.0,1735.0,1745.0,1750.0,,,1790.0,1800.0,,,,
2012-08-15,1700.0,1720.0,1740.0,1760.0,,,1795.0,1805.0,,,,
2012-08-14,1740.0,1740.5,1760.0,1765.0,,,1805.0,1815.0,,,,
2012-08-13,1745.0,1750.0,1765.0,1770.0,,,1810.0,1820.0,,,,
2012-08-10,1740.0,1750.0,1760.0,1765.0,,,1805.0,1815.0,,,,
2012-08-09,1750.0,1750.5,1765.0,1770.0,,,1810.0,1820.0,,,,
2012-07-31,1745.0,1745.5,1770.0,1780.0,,,1820.0,1830.0,,,,
2012-07-30,1746.0,1746.5,1770.0,1771.0,,,1815.0,1825.0,,,,
2012-07-27,1760.0,1765.0,1779.0,1780.0,,,1825.0,1835.0,,,,
2012-07-26,1751.5,1752.0,1770.0,1775.0,,,1815.0,1825.0,,,,
2012-07-25,1750.0,1755.0,1770.0,1775.0,,,1815.0,1825.0,,,,
2012-07-24,1745.0,1745.5,1765.0,1770.0,,,1810.0,1820.0,,,,
2012-07-23,1720.0,1721.0,1740.0,1750.0,,,1790.0,1800.0,,,,
2012-07-20,1760.0,1761.0,1780.0,1785.0,,,1830.0,1840.0,,,,
2012-07-19,1770.0,1771.0,1790.0,1795.0,,,1840.0,1850.0,,,,
2012-07-18,1770.0,1771.0,1790.0,1795.0,,,1840.0,1850.0,,,,
2012-07-17,1770.0,1775.0,1790.0,1795.0,,,1840.0,1850.0,,,,
2012-07-16,1760.0,1765.0,1780.0,1785.0,,,1830.0,1840.0,,,,
2012-07-13,1776.0,1777.0,1795.0,1800.0,,,1845.0,1855.0,,,,
2012-07-12,1760.0,1765.0,1780.0,1785.0,,,1830.0,1840.0,,,,
2012-07-11,1774.0,1776.0,1790.0,1800.0,,,1840.0,1850.0,,,,
2012-07-10,1755.0,1760.0,1780.0,1785.0,,,1830.0,1840.0,,,,
2012-07-09,1770.0,1770.5,1790.0,1795.0,,,1840.0,1850.0,,,,
2012-07-06,1775.0,1776.0,1790.0,1800.0,,,1845.0,1855.0,,,,
2012-07-05,1770.0,1771.0,1785.0,1795.0,,,1840.0,1850.0,,,,
2012-07-04,1790.0,1790.5,1805.0,1815.0,,,1860.0,1870.0,,,,
2012-07-03,1795.0,1805.0,1815.0,1825.0,,,1870.0,1880.0,,,,
2012-07-02,1775.0,1780.0,1795.0,1805.0,,,1850.0,1860.0,,,,
2012-06-29,1750.0,1751.0,1770.0,1775.0,,,1825.0,1835.0,,,,
2012-06-28,1761.0,1762.0,1780.0,1785.0,,,1835.0,1845.0,,,,
2012-06-27,1745.0,1746.0,1765.0,1770.0,,,1820.0,1830.0,,,,
2012-06-26,1751.0,1752.0,1775.0,1780.0,,,1830.0,1840.0,,,,
2012-06-25,1761.0,1761.5,1780.0,1790.0,,,1835.0,1845.0,,,,
2012-06-22,1770.0,1780.0,1790.0,1800.0,,,1850.0,1860.0,,,,
2012-06-21,1790.0,1800.0,1815.0,1825.0,,,1875.0,1885.0,,,,
2012-06-20,1770.0,1775.0,1820.0,1825.0,,,1865.0,1875.0,,,,
2012-06-19,1805.0,1805.5,1820.0,1825.0,,,1865.0,1875.0,,,,
2012-06-18,1810.0,1812.0,1830.0,1835.0,,,1875.0,1885.0,,,,
2012-06-15,1830.0,1831.0,1860.0,1865.0,,,1905.0,1915.0,,,,
2012-06-14,1821.0,1822.0,1859.0,1865.0,,,1905.0,1915.0,,,,
2012-06-13,1800.0,1801.0,1820.0,1821.0,,,1865.0,1875.0,,,,
2012-06-12,1820.0,1821.0,1835.0,1840.0,,,1880.0,1890.0,,,,
2012-06-11,1836.0,1837.0,1850.0,1860.0,,,1895.0,1905.0,,,,
2012-06-08,1820.0,1821.0,1835.0,1845.0,,,1885.0,1895.0,,,,
2012-06-07,1860.0,1870.0,1875.0,1885.0,,,1925.0,1935.0,,,,
2012-06-06,1860.0,1860.5,1895.0,1900.0,,,1940.0,1950.0,,,,
2012-06-01,1870.0,1871.0,1890.0,1895.0,,,1935.0,1945.0,,,,
2012-05-31,1895.0,1895.5,1910.0,1915.0,,,1955.0,1965.0,,,,
2012-05-30,1855.0,1856.0,1875.0,1880.0,,,1920.0,1930.0,,,,
2012-05-29,1880.5,1881.0,1895.0,1905.0,,,1945.0,1955.0,,,,
2012-05-28,1886.0,1887.0,1910.0,1915.0,,,1960.0,1970.0,,,,
2012-05-25,1880.0,1880.5,1910.0,1920.0,,,1960.0,1970.0,,,,
2012-05-24,1885.5,1886.0,1905.0,1910.0,,,1955.0,1965.0,,,,
2012-05-23,1885.0,1886.0,1910.0,1915.0,,,1960.0,1970.0,,,,
2012-05-22,1913.0,1913.5,1930.0,1940.0,,,1980.0,1990.0,,,,
2012-05-21,1890.0,1891.0,1935.0,1940.0,,,1985.0,1995.0,,,,
2012-05-18,1900.0,1900.5,1920.0,1925.0,,,1970.0,1980.0,,,,
2012-05-17,1882.0,1882.5,1920.0,1925.0,,,1970.0,1980.0,,,,
2012-05-16,1885.0,1885.5,1915.0,1920.0,,,1965.0,1975.0,,,,
2012-05-15,1885.0,1885.5,1919.0,1919.5,,,1965.0,1975.0,,,,
2012-05-14,1880.0,1880.5,1910.0,1915.0,,,1960.0,1970.0,,,,
2012-05-11,1900.0,1900.5,1910.0,1920.0,,,1960.0,1970.0,,,,
2012-05-10,1880.0,1890.0,1900.0,1910.0,,,1950.0,1960.0,,,,
2012-05-09,1891.0,1892.0,1920.0,1930.0,,,1970.0,1980.0,,,,
2012-05-08,1931.0,1932.0,1950.0,1960.0,,,2000.0,2010.0,,,,
2012-05-04,1925.0,1935.0,1945.5,1946.0,,,1995.0,2005.0,,,,
2012-05-03,1950.0,1960.0,1965.0,1975.0,,,2020.0,2030.0,,,,
2012-05-02,1970.0,1975.0,1985.0,1995.0,,,2040.0,2050.0,,,,
2012-05-01,1968.0,1969.0,1985.0,1995.0,,,2040.0,2050.0,,,,
2012-04-30,1960.0,1961.0,1975.0,1985.0,,,2030.0,2040.0,,,,
2012-04-27,1981.0,1982.0,2000.0,2010.0,,,2055.0,2065.0,,,,
2012-04-26,1961.0,1962.0,1980.0,1990.0,,,2035.0,2045.0,,,,
2012-04-25,1960.0,1961.0,1980.0,1985.0,,,2035.0,2045.0,,,,
2012-04-24,1959.0,1961.0,1975.0,1985.0,,,2030.0,2040.0,,,,
2012-04-23,1950.0,1951.0,1970.0,1975.0,,,2025.0,2035.0,,,,
2012-04-20,1955.0,1955.5,1975.0,1980.0,,,2030.0,2040.0,,,,
2012-04-19,1930.0,1935.0,1945.0,1955.0,,,2000.0,2010.0,,,,
2012-04-18,1945.0,1950.0,1965.0,1975.0,,,2020.0,2030.0,,,,
2012-04-17,1965.0,1966.0,1985.0,1990.0,,,2040.0,2050.0,,,,
2012-04-16,1945.0,1947.0,1965.0,1970.0,,,2020.0,2030.0,,,,
2012-04-13,1965.0,1975.0,1995.0,2005.0,,,2050.0,2060.0,,,,
2012-04-12,1950.0,1951.0,1980.0,1990.0,,,2035.0,2045.0,,,,
2012-04-11,1946.0,1947.0,1970.0,1980.0,,,2025.0,2035.0,,,,
2012-04-10,1960.0,1965.0,1985.0,1990.0,,,2040.0,2050.0,,,,
2012-04-05,1970.0,1980.0,1990.0,2000.0,,,2050.0,2060.0,,,,
2012-04-04,2000.0,2005.0,2020.0,2030.0,,,2080.0,2090.0,,,,
2012-04-03,1990.0,1991.0,2020.0,2025.0,,,2075.0,2085.0,,,,
2012-04-02,2010.0,2010.5,2025.0,2030.0,,,2080.0,2090.0,,,,
2012-03-30,2020.0,2021.0,2050.0,2055.0,,,2105.0,2115.0,,,,
2012-03-29,2011.0,2012.0,2030.0,2035.0,,,2085.0,2095.0,,,,
2012-03-28,2025.0,2025.5,2070.0,2075.0,,,2125.0,2135.0,,,,
2012-03-27,2020.5,2021.0,2060.0,2065.0,,,2120.0,2130.0,,,,
2012-03-26,1990.0,2000.0,2015.0,2025.0,,,2075.0,2085.0,,,,
2012-03-23,2038.0,2039.0,2050.0,2055.0,,,2110.0,2120.0,,,,
2012-03-22,2020.0,2020.5,2040.0,2050.0,,,2100.0,2110.0,,,,
2012-03-21,2040.0,2050.0,2070.0,2080.0,,,2130.0,2140.0,,,,
2012-03-20,2089.0,2090.0,2110.0,2120.0,,,2170.0,2180.0,,,,
2012-03-19,2075.0,2076.0,2090.0,2100.0,,,2150.0,2160.0,,,,
2012-03-16,2082.0,2090.0,2111.0,2120.0,,,2175.0,2185.0,,,,
2012-03-15,2059.0,2061.0,2080.0,2090.0,,,2140.0,2150.0,,,,
2012-03-14,2050.0,2060.0,2124.5,2125.0,,,2180.0,2190.0,,,,
2012-03-13,2060.0,2070.0,2085.0,2095.0,,,2145.0,2155.0,,,,
2012-03-12,2099.0,2101.0,2130.0,2140.0,,,2190.0,2200.0,,,,
2012-03-09,2090.0,2090.5,2120.0,2125.0,,,2180.0,2190.0,,,,
2012-03-08,2130.0,2131.0,2170.0,2175.0,,,2230.0,2240.0,,,,
2012-03-07,2101.5,2102.0,2120.0,2130.0,,,2180.0,2190.0,,,,
2012-03-06,2121.0,2122.0,2140.0,2150.0,,,2205.0,2215.0,,,,
2012-03-05,2165.0,2166.0,2185.0,2195.0,,,2250.0,2260.0,,,,
2012-03-02,2200.0,2210.0,2225.0,2235.0,,,2290.0,2300.0,,,,
2012-03-01,2170.0,2180.0,2200.0,2210.0,,,2265.0,2275.0,,,,
2012-02-29,2180.0,2181.0,2205.0,2210.0,,,2265.0,2275.0,,,,
2012-02-28,2205.0,2205.5,2230.0,2240.0,,,2295.0,2305.0,,,,
2012-02-27,2171.5,2172.0,2205.0,2210.0,,,2265.0,2275.0,,,,
2012-02-24,2184.0,2185.0,2205.0,2206.0,,,2265.0,2275.0,,,,
2012-02-23,2120.0,2121.0,2185.0,2190.0,,,2245.0,2255.0,,,,
2012-02-22,2135.5,2136.0,2175.0,2185.0,,,2240.0,2250.0,,,,
2012-02-21,2095.5,2096.0,2135.0,2140.0,,,2195.0,2205.0,,,,
2012-02-20,2071.0,2072.0,2105.0,2115.0,,,2170.0,2180.0,,,,
2012-02-17,2035.0,2036.0,2090.0,2100.0,,,2155.0,2165.0,,,,
2012-02-16,2020.0,2030.0,2050.0,2060.0,,,2115.0,2125.0,,,,
2012-02-15,2082.0,2082.5,2110.0,2120.0,,,2175.0,2185.0,,,,
2012-02-14,2075.0,2076.0,2095.0,2105.0,,,2160.0,2170.0,,,,
2012-02-13,2050.0,2060.0,2080.0,2090.0,,,2145.0,2155.0,,,,
2012-02-10,2160.0,2161.0,2180.0,2190.0,,,2245.0,2255.0,,,,
2012-02-09,2180.0,2180.5,2200.0,2210.0,,,2265.0,2275.0,,,,
2012-02-08,2190.0,2195.0,2200.0,2205.0,,,2265.0,2275.0,,,,
2012-02-07,2125.0,2130.0,2155.0,2160.0,,,2220.0,2230.0,,,,
2012-02-06,2070.0,2080.0,2090.0,2100.0,,,2155.0,2165.0,,,,
2012-02-03,2130.0,2140.0,2150.0,2160.0,,,2215.0,2225.0,,,,
2012-02-02,2120.0,2130.0,2140.0,2150.0,,,2205.0,2215.0,,,,
2012-02-01,2090.0,2100.0,2130.0,2140.0,,,2195.0,2205.0,,,,
2012-01-31,2136.0,2137.0,2155.0,2165.0,,,2220.0,2230.0,,,,
2012-01-30,2090.0,2090.5,2100.0,2110.0,,,2165.0,2175.0,,,,
2012-01-27,2086.0,2087.0,2110.0,2115.0,,,2175.0,2185.0,,,,
2012-01-26,2079.0,2080.0,2105.0,2110.0,,,2170.0,2180.0,,,,
2012-01-25,2051.0,2052.0,2080.0,2085.0,,,2145.0,2155.0,,,,
2012-01-24,2066.0,2067.0,2110.0,2115.0,,,2175.0,2185.0,,,,
2012-01-23,2083.0,2084.0,2110.0,2115.0,,,2175.0,2185.0,,,,
2012-01-20,2045.0,2050.0,2075.0,2085.0,,,2140.0,2150.0,,,,
2012-01-19,2070.0,2071.0,2095.0,2105.0,,,2150.0,2160.0,,,,
2012-01-18,2055.0,2056.0,2075.0,2080.0,,,2125.0,2135.0,,,,
2012-01-17,2070.0,2075.0,2100.0,2110.0,,,2135.0,2145.0,,,,
2012-01-16,2035.0,2036.0,2060.0,2070.0,,,2095.0,2105.0,,,,
2012-01-13,2056.0,2057.0,2070.0,2075.0,,,2105.0,2115.0,,,,
2012-01-12,2091.0,2092.0,2100.0,2105.0,,,2135.0,2145.0,,,,
2012-01-11,2075.0,2076.0,2085.0,2090.0,,,2120.0,2130.0,,,,
2012-01-10,2050.0,2051.0,2065.0,2070.0,,,2100.0,2110.0,,,,
2012-01-09,1965.0,1970.0,1990.0,2000.0,,,2025.0,2035.0,,,,
2012-01-06,1975.0,1980.0,1985.0,1990.0,,,2020.0,2030.0,,,,
2012-01-05,1982.0,1983.0,1981.0,1982.0,,,2015.0,2025.0,,,,
2012-01-04,2000.0,2001.0,2005.0,2015.0,,,2040.0,2050.0,,,,
2012-01-03,1960.0,1962.0,1970.0,1980.0,,,2005.0,2015.0,,,,
